Date,Stock Code,Stock Name,Participant ID,Participant Name,Address,Shareholding,Percentage,Scraped At
2025/11/08,00700,"TENCENT HOLDINGS LIMITED -HKD TRADED SHARES",C00019,"THE HONGKONG AND SHANGHAI BANKING","HSBC WEALTH BUSINESS SERVICES 8/F TOWER 2 & 3 HSBC CENTRE 1 SHAM MONG ROAD KOWLOON",3221123909,35.22,2025-11-12T10:19:25.016Z
2025/11/08,00700,"TENCENT HOLDINGS LIMITED -HKD TRADED SHARES",A00003,"CHINA SECURITIES DEPOSITORY AND CLEARING","17 TAIPING QIAO STREET XICHENG DISTRICT BEIJING CHINA",544488952,5.95,2025-11-12T10:19:25.016Z
2025/11/08,00700,"TENCENT HOLDINGS LIMITED -HKD TRADED SHARES",C00010,"CITIBANK N.A.","9/F CITI TOWER ONE BAY EAST 83 HOI BUN ROAD KWUN TONG KOWLOON",531868125,5.81,2025-11-12T10:19:25.016Z
2025/11/08,00700,"TENCENT HOLDINGS LIMITED -HKD TRADED SHARES",A00004,"CHINA SECURITIES DEPOSITORY AND CLEARING","17 TAIPING QIAO STREET XICHENG DISTRICT BEIJING CHINA",466172346,5.09,2025-11-12T10:19:25.016Z
2025/11/08,00700,"TENCENT HOLDINGS LIMITED -HKD TRADED SHARES",C00039,"STANDARD CHARTERED BANK (HONG KONG) LTD","18/F STANDARD CHARTERED BANK TOWER MILLENNIUM CITY 388 KWUN TONG ROAD KWUN TONG KOWLOON",415217756,4.54,2025-11-12T10:19:25.016Z
2025/11/08,00700,"TENCENT HOLDINGS LIMITED -HKD TRADED SHARES",B01451,"GOLDMAN SACHS (ASIA) SECURITIES LTD","68TH FLOOR CHEUNG KONG CENTER 2 QUEEN'S ROAD CENTRAL HONG KONG",377051578,4.12,2025-11-12T10:19:25.016Z
2025/11/08,00700,"TENCENT HOLDINGS LIMITED -HKD TRADED SHARES",B01274,"MORGAN STANLEY HONG KONG SECURITIES LTD","46/F INTERNATIONAL COMMERCE CENTRE 1 AUSTIN ROAD WEST KOWLOON",343757498,3.75,2025-11-12T10:19:25.016Z
2025/11/08,00700,"TENCENT HOLDINGS LIMITED -HKD TRADED SHARES",B01161,"UBS SECURITIES HONG KONG LTD","47-52/F TWO INTERNATIONAL FINANCE CENTRE 8 FINANCE STREET CENTRAL HONG KONG",296175627,3.23,2025-11-12T10:19:25.016Z
2025/11/08,00700,"TENCENT HOLDINGS LIMITED -HKD TRADED SHARES",B01130,"BOCI SECURITIES LTD","22/F GRAND MILLENNIUM PLAZA 181 QUEEN'S ROAD CENTRAL HONG KONG",192490708,2.10,2025-11-12T10:19:25.016Z
2025/11/08,00700,"TENCENT HOLDINGS LIMITED -HKD TRADED SHARES",C00040,"INDUSTRIAL AND COMMERCIAL BANK OF CHINA","2/F ONE HARBOURFRONT 18-22 TAK FUNG ST HUNG HOM KOWLOON",95725423,1.04,2025-11-12T10:19:25.016Z
2025/11/08,00700,"TENCENT HOLDINGS LIMITED -HKD TRADED SHARES",C00093,"BNP PARIBAS","21/F PCCW TOWER TAIKOO PLACE 979 KING'S ROAD QUARRY BAY HONG KONG",94374356,1.03,2025-11-12T10:19:25.016Z
2025/11/08,00700,"TENCENT HOLDINGS LIMITED -HKD TRADED SHARES",C00033,"BANK OF CHINA (HONG KONG) LTD","23/F BANK OF CHINA CENTRE OLYMPIAN CITY 11 HOI FAI ROAD WEST KOWLOON",62363870,0.68,2025-11-12T10:19:25.016Z
2025/11/08,00700,"TENCENT HOLDINGS LIMITED -HKD TRADED SHARES",B01955,"FUTU SECURITIES INTERNATIONAL","34/F UNITED CENTRE 95 QUEENSWAY ADMIRALTY HONG KONG",58678912,0.64,2025-11-12T10:19:25.016Z
2025/11/08,00700,"TENCENT HOLDINGS LIMITED -HKD TRADED SHARES",B01590,"INTERACTIVE BROKERS HONG KONG LTD","SUITE 1512 TWO PACIFIC PLACE 88 QUEENSWAY HONG KONG",49221758,0.53,2025-11-12T10:19:25.016Z
2025/11/08,00700,"TENCENT HOLDINGS LIMITED -HKD TRADED SHARES",C00016,"DBS BANK LTD","7/F TWO HARBOUR SQUARE 180 WAI YIP STREET KWUN TONG KOWLOON",42930255,0.46,2025-11-12T10:19:25.016Z
2025/11/08,00700,"TENCENT HOLDINGS LIMITED -HKD TRADED SHARES",C00074,"DEUTSCHE BANK AG","58-61/F INTERNATIONAL COMMERCE CENTRE 1 AUSTIN ROAD WEST  KOWLOON",36250586,0.39,2025-11-12T10:19:25.016Z
2025/11/08,00700,"TENCENT HOLDINGS LIMITED -HKD TRADED SHARES",C00018,"HANG SENG BANK LTD","HANG SENG 113 113 ARGYLE STREET MONGKOK KOWLOON",19969807,0.21,2025-11-12T10:19:25.016Z
2025/11/08,00700,"TENCENT HOLDINGS LIMITED -HKD TRADED SHARES",B01565,"GUOTAI JUNAN SECURITIES (HONG KONG) LTD","27/F GRAND MILLENNIUM PLAZA 181 QUEEN'S ROAD CENTRAL HONG KONG",19624127,0.21,2025-11-12T10:19:25.016Z
2025/11/08,00700,"TENCENT HOLDINGS LIMITED -HKD TRADED SHARES",C00042,"CMB WING LUNG BANK LTD","45 DES VOEUX ROAD CENTRAL   HONG KONG",19534976,0.21,2025-11-12T10:19:25.016Z
2025/11/08,00700,"TENCENT HOLDINGS LIMITED -HKD TRADED SHARES",B01224,"MERRILL LYNCH FAR EAST LTD","C/O BANK OF AMERICA MERRILL LYNCH 38/F CHEUNG KONG CENTER 2 QUEEN'S ROAD CENTRAL CENTRAL HONG KONG",13535885,0.14,2025-11-12T10:19:25.016Z
2025/11/08,00700,"TENCENT HOLDINGS LIMITED -HKD TRADED SHARES",B01901,"CMB INTERNATIONAL SECURITIES LTD","45/F CHAMPION TOWER 3 GARDEN ROAD CENTRAL HONG KONG",12316831,0.13,2025-11-12T10:19:25.016Z
2025/11/08,00700,"TENCENT HOLDINGS LIMITED -HKD TRADED SHARES",C00015,"DBS BANK (HONG KONG) LTD","6/F TWO HARBOUR SQUARE 180 WAI YIP STREET KWUN TONG KOWLOON",7896218,0.08,2025-11-12T10:19:25.016Z
2025/11/08,00700,"TENCENT HOLDINGS LIMITED -HKD TRADED SHARES",C00011,"PUBLIC BANK (HONG KONG) LTD","PUBLIC BANK CENTRE 120 DES VOEUX ROAD CENTRAL HONG KONG",7582630,0.08,2025-11-12T10:19:25.016Z
2025/11/08,00700,"TENCENT HOLDINGS LIMITED -HKD TRADED SHARES",B01228,"CITIC SECURITIES BROKERAGE (HK) LTD","26/F CITIC TOWER 1 TIM MEI AVENUE CENTRAL HONG KONG",6974860,0.07,2025-11-12T10:19:25.016Z
2025/11/08,00700,"TENCENT HOLDINGS LIMITED -HKD TRADED SHARES",C00003,"THE BANK OF EAST ASIA LTD","35/F BEA TOWER MILLENNIUM CITY 5 418 KWUN TONG ROAD KWUN TONG KOWLOON",5910940,0.06,2025-11-12T10:19:25.016Z
2025/11/08,00700,"TENCENT HOLDINGS LIMITED -HKD TRADED SHARES",C00088,"CHINA MERCHANTS BANK CO LTD","28/F THREE EXCHANGE SQUARE 8 CONNAUGHT PLACE CENTRAL HONG KONG",5339114,0.05,2025-11-12T10:19:25.016Z
2025/11/08,00700,"TENCENT HOLDINGS LIMITED -HKD TRADED SHARES",B01148,"CHINA MERCHANTS SECURITIES (HK) CO LTD","48/F ONE EXCHANGE SQUARE 8 CONNAUGHT ROAD CENTRAL HONG KONG",5245795,0.05,2025-11-12T10:19:25.016Z
2025/11/08,00700,"TENCENT HOLDINGS LIMITED -HKD TRADED SHARES",B01353,"UOB KAY HIAN (HONG KONG) LTD","6/F HARCOURT HOUSE 39 GLOUCESTER ROAD HONG KONG",4786238,0.05,2025-11-12T10:19:25.016Z
2025/11/08,00700,"TENCENT HOLDINGS LIMITED -HKD TRADED SHARES",B01345,"PHILLIP SECURITIES (HONG KONG) LTD","11/F UNITED CENTRE 95 QUEENSWAY HONG KONG",3931091,0.04,2025-11-12T10:19:25.016Z
2025/11/08,00700,"TENCENT HOLDINGS LIMITED -HKD TRADED SHARES",B01089,"HSBC BROKING SECURITIES (HONG KONG) LTD","LEVEL 25 HSBC MAIN BUILDING 1 QUEEN'S ROAD CENTRAL HONG KONG",3900254,0.04,2025-11-12T10:19:25.016Z
2025/11/08,00700,"TENCENT HOLDINGS LIMITED -HKD TRADED SHARES",B02142,"TIGER BROKERS (HK) GLOBAL LTD","23/F LI PO CHUN CHAMBERS 189 DES VOEUX ROAD CENTRAL SHEUNG WAN HONG KONG",3499418,0.03,2025-11-12T10:19:25.016Z
2025/11/08,00700,"TENCENT HOLDINGS LIMITED -HKD TRADED SHARES",B01086,"EVERBRIGHT SECURITIES INVESTMENT","28/F LEE GARDEN ONE 33 HYSAN AVENUE CAUSEWAY BAY HONG KONG",3486915,0.03,2025-11-12T10:19:25.016Z
2025/11/08,00700,"TENCENT HOLDINGS LIMITED -HKD TRADED SHARES",B01413,"CORE PACIFIC - YAMAICHI INTERNATIONAL","ROOMS 1101-05 & 09-10 11/F CHINA RESOURCES BUILDING 26 HARBOUR ROAD, WANCHAI HONG KONG",3281473,0.03,2025-11-12T10:19:25.016Z
2025/11/08,00700,"TENCENT HOLDINGS LIMITED -HKD TRADED SHARES",B01654,"CHINA INTERNATIONAL CAPITAL CORPORATION","29/F ONE INTERNATIONAL FINANCE CENTRE 1 HARBOUR VIEW STREET CENTRAL HONG KONG",3195696,0.03,2025-11-12T10:19:25.016Z
2025/11/08,00700,"TENCENT HOLDINGS LIMITED -HKD TRADED SHARES",C00037,"SHANGHAI COMMERCIAL BANK LTD","C/O SECURITIES PROCESSING CENTRE LEVEL 23 TOWER 2 KOWLOON COMMERCE CENTRE 51 KWAI CHEONG ROAD KWAI CHUNG NEW TERRITORIES",3192498,0.03,2025-11-12T10:19:25.016Z
2025/11/08,00700,"TENCENT HOLDINGS LIMITED -HKD TRADED SHARES",B01686,"FIRST SHANGHAI SECURITIES LTD","19/F WING ON HOUSE 71 DES VOEUX ROAD CENTRAL HONG KONG",3080900,0.03,2025-11-12T10:19:25.016Z
2025/11/08,00700,"TENCENT HOLDINGS LIMITED -HKD TRADED SHARES",B01762,"DBS VICKERS (HONG KONG) LTD","16/F ONE ISLAND EAST 18 WESTLANDS ROAD ISLAND EAST HONG KONG",3049500,0.03,2025-11-12T10:19:25.016Z
2025/11/08,00700,"TENCENT HOLDINGS LIMITED -HKD TRADED SHARES",C00028,"NANYANG COMMERCIAL BANK LTD","30/F NCB INNOVATION CENTRE 888 LAI CHI KOK ROAD CHEUNG SHA WAN KOWLOON",2906226,0.03,2025-11-12T10:19:25.016Z
2025/11/08,00700,"TENCENT HOLDINGS LIMITED -HKD TRADED SHARES",B01727,"ICBC (ASIA) SECURITIES LTD","2/F ONE HARBOURFRONT 18-22 TAK FUNG ST HUNG HOM KOWLOON",2619636,0.02,2025-11-12T10:19:25.016Z
2025/11/08,00700,"TENCENT HOLDINGS LIMITED -HKD TRADED SHARES",C00058,"CHINA CITIC BANK INTERNATIONAL LTD","30/F TWO TAIKOO PLACE TAIKOO PLACE 979 KING'S ROAD QUARRY BAY HONG KONG",2462488,0.02,2025-11-12T10:19:25.016Z
2025/11/08,00700,"TENCENT HOLDINGS LIMITED -HKD TRADED SHARES",B01610,"KGI ASIA LTD","41/F CENTRAL PLAZA 18 HARBOUR ROAD WANCHAI HONG KONG",2373664,0.02,2025-11-12T10:19:25.016Z
2025/11/08,00700,"TENCENT HOLDINGS LIMITED -HKD TRADED SHARES",B01695,"DAH SING SECURITIES LTD","SUITE 1910 19/F ISLAND PLACE TOWER 510 KING'S ROAD NORTH POINT HONG KONG",2353039,0.02,2025-11-12T10:19:25.016Z
2025/11/08,00700,"TENCENT HOLDINGS LIMITED -HKD TRADED SHARES",B01272,"FB SECURITIES (HONG KONG) LTD","ROOM 2501-04 25/F WING ON HOUSE 71 DES VOEUX ROAD CENTRAL CENTRAL HONG KONG",2307250,0.02,2025-11-12T10:19:25.016Z
2025/11/08,00700,"TENCENT HOLDINGS LIMITED -HKD TRADED SHARES",C00041,"OCBC BANK (HONG KONG) LTD","1/F EASTERN CENTRAL PLAZA 3 YIU HING ROAD SHAU KEI WAN HONG KONG",2306893,0.02,2025-11-12T10:19:25.016Z
2025/11/08,00700,"TENCENT HOLDINGS LIMITED -HKD TRADED SHARES",C00036,"CHINA CONSTRUCTION BANK (ASIA)","20/F CCB CENTRE 18 WANG CHIU ROAD KOWLOON BAY KOWLOON",2271757,0.02,2025-11-12T10:19:25.016Z
2025/11/08,00700,"TENCENT HOLDINGS LIMITED -HKD TRADED SHARES",C00026,"CHONG HING BANK LTD","LEVEL 25 TOWER 2 ENTERPRISE SQUARE FIVE (MEGABOX) 38 WANG CHIU ROAD KOWLOON BAY KOWLOON",2258138,0.02,2025-11-12T10:19:25.016Z
2025/11/08,00700,"TENCENT HOLDINGS LIMITED -HKD TRADED SHARES",B01825,"GUOYUAN SECURITIES BROKERAGE (HONG KONG)","17/F THREE EXCHANGE SQUARE 8 CONNAUGHT ROAD CENTRAL CENTRAL HONG KONG",2144500,0.02,2025-11-12T10:19:25.016Z
2025/11/08,00700,"TENCENT HOLDINGS LIMITED -HKD TRADED SHARES",B01138,"CLSA LTD","18/F ONE PACIFIC PLACE 88 QUEENSWAY HONG KONG",2134444,0.02,2025-11-12T10:19:25.016Z
2025/11/08,00700,"TENCENT HOLDINGS LIMITED -HKD TRADED SHARES",C00002,"BANK OF COMMUNICATIONS TRUSTEE LTD","16/F COS CENTRE 56 TSUN YIP STREET KWUN TONG KOWLOON",2011967,0.02,2025-11-12T10:19:25.016Z
2025/11/08,00700,"TENCENT HOLDINGS LIMITED -HKD TRADED SHARES",C00111,"SOCIETE GENERALE","38/F THREE PACIFIC PLACE 1 QUEEN'S ROAD EAST HONG KONG",1986169,0.02,2025-11-12T10:19:25.016Z
2025/11/08,00700,"TENCENT HOLDINGS LIMITED -HKD TRADED SHARES",B01143,"HAITONG INTERNATIONAL SECURITIES CO LTD","22/F LI PO CHUN CHAMBERS 189 DES VOEUX ROAD CENTRAL HONG KONG",1922749,0.02,2025-11-12T10:19:25.016Z
2025/11/08,00700,"TENCENT HOLDINGS LIMITED -HKD TRADED SHARES",B01668,"BRIGHT SMART SECURITIES INTERNATIONAL","10/F WING ON HOUSE 71 DES VOEUX ROAD CENTRAL CENTRAL HONG KONG",1852941,0.02,2025-11-12T10:19:25.016Z
2025/11/08,00700,"TENCENT HOLDINGS LIMITED -HKD TRADED SHARES",B01829,"HUATAI FINANCIAL HOLDINGS (HONG KONG)","62/F THE CENTER 99 QUEEN'S ROAD CENTRAL HONG KONG",1747657,0.01,2025-11-12T10:19:25.016Z
2025/11/08,00700,"TENCENT HOLDINGS LIMITED -HKD TRADED SHARES",B01826,"GF SECURITIES (HONG KONG) BROKERAGE LTD","27/F GF TOWER 81 LOCKHART ROAD WAN CHAI HONG KONG",1647366,0.01,2025-11-12T10:19:25.016Z
2025/11/08,00700,"TENCENT HOLDINGS LIMITED -HKD TRADED SHARES",B01938,"CHINA INDUSTRIAL SECURITIES","32/F INFINITUS PLAZA 199 DES VOEUX ROAD CENTRAL SHEUNG WAN HONG KONG",1627677,0.01,2025-11-12T10:19:25.016Z
2025/11/08,00700,"TENCENT HOLDINGS LIMITED -HKD TRADED SHARES",C00095,"EFG BANK AG","18/F INTERNATIONAL COMMERCE CENTRE 1 AUSTIN ROAD WEST KOWLOON",1559934,0.01,2025-11-12T10:19:25.016Z
2025/11/08,00700,"TENCENT HOLDINGS LIMITED -HKD TRADED SHARES",B01581,"KINGSWAY FINANCIAL SERVICES GROUP LTD","7/F TOWER 1 LIPPO CENTRE 89 QUEENSWAY HONG KONG",1529932,0.01,2025-11-12T10:19:25.016Z
2025/11/08,00700,"TENCENT HOLDINGS LIMITED -HKD TRADED SHARES",B01256,"SINOLINK SECURITIES (HONG KONG) CO LTD","UNIT 3501-08 35/F COSCO TOWER 183 QUEEN'S ROAD CENTRAL SHEUNG WAN HONG KONG",1490000,0.01,2025-11-12T10:19:25.016Z
2025/11/08,00700,"TENCENT HOLDINGS LIMITED -HKD TRADED SHARES",B01497,"SINOPAC SECURITIES (ASIA) LTD","7/F LEE GARDEN THREE 1 SUNNING ROAD CAUSEWAY BAY HONG KONG",1340666,0.01,2025-11-12T10:19:25.016Z
2025/11/08,00700,"TENCENT HOLDINGS LIMITED -HKD TRADED SHARES",B01347,"CGS INTERNATIONAL SECURITIES HK LTD","UNIT 2808B-2811 28/F WING ON CENTRE 111 CONNAUGHT ROAD CENTRAL HONG KONG",1311738,0.01,2025-11-12T10:19:25.016Z
2025/11/08,00700,"TENCENT HOLDINGS LIMITED -HKD TRADED SHARES",B01118,"EAST ASIA SECURITIES CO LTD","C/O BEA SETTLEMENT OPERATIONS DEPT-IOS 35/F BEA TOWER MILLENNIUM CITY 5 418 KWUN TONG ROAD KOWLOON",1281429,0.01,2025-11-12T10:19:25.016Z
2025/11/08,00700,"TENCENT HOLDINGS LIMITED -HKD TRADED SHARES",B01264,"MIB SECURITIES (HONG KONG) LTD","28/F LEE GARDEN THREE 1 SUNNING ROAD CAUSEWAY BAY HONG KONG",1269439,0.01,2025-11-12T10:19:25.016Z
2025/11/08,00700,"TENCENT HOLDINGS LIMITED -HKD TRADED SHARES",B01842,"BOCOM INTERNATIONAL SECURITIES LTD","11/F MAN YEE BUILDING 68 DES VOEUX ROAD CENTRAL HONG KONG",1268522,0.01,2025-11-12T10:19:25.016Z
2025/11/08,00700,"TENCENT HOLDINGS LIMITED -HKD TRADED SHARES",B02195,"LONG BRIDGE HK LTD","SUITES 1801-1804 & 1815-1816 18TH FLOOR ONE INTERNATIONAL FINANCE CENTRE NO.1 HARBOUR VIEW STREET HONG KONG",1203263,0.01,2025-11-12T10:19:25.016Z
2025/11/08,00700,"TENCENT HOLDINGS LIMITED -HKD TRADED SHARES",B01115,"SHENWAN HONGYUAN SECURITIES (H.K.) LTD","LEVEL 19 28 HENNESSY ROAD HONG KONG",1177326,0.01,2025-11-12T10:19:25.016Z
2025/11/08,00700,"TENCENT HOLDINGS LIMITED -HKD TRADED SHARES",B01338,"EMPEROR SECURITIES LTD","23/F-24/F EMPEROR GROUP CENTRE 288 HENNESSY ROAD WANCHAI HONG KONG",1154991,0.01,2025-11-12T10:19:25.016Z
2025/11/08,00700,"TENCENT HOLDINGS LIMITED -HKD TRADED SHARES",B01584,"CHIEF SECURITIES LTD","5/F WORLD-WIDE HOUSE 19 DES VOEUX ROAD CENTRAL CENTRAL HONG KONG",908133,0.00,2025-11-12T10:19:25.016Z
2025/11/08,00700,"TENCENT HOLDINGS LIMITED -HKD TRADED SHARES",B01890,"GUOSEN SECURITIES (HK) BROKERAGE CO LTD","SUITES 3207-3212 32/F ONE PACIFIC PLACE 88 QUEENSWAY HONG KONG",898116,0.00,2025-11-12T10:19:25.016Z
2025/11/08,00700,"TENCENT HOLDINGS LIMITED -HKD TRADED SHARES",B01885,"HAFOO SECURITIES LTD","UNIT 3203 TOWER 1 ADMIRALTY CENTRE 18 HARCOURT ROAD ADMIRALTY HONG KONG",832917,0.00,2025-11-12T10:19:25.016Z
2025/11/08,00700,"TENCENT HOLDINGS LIMITED -HKD TRADED SHARES",B01777,"DAIWA CAPITAL MARKETS HONG KONG LTD","LEVEL 26 ONE PACIFIC PLACE 88 QUEENSWAY HONG KONG",822450,0.00,2025-11-12T10:19:25.016Z
2025/11/08,00700,"TENCENT HOLDINGS LIMITED -HKD TRADED SHARES",B02132,"BOOM SECURITIES (H.K.) LTD","ROOM 2801 28/F TOWER 1 THE MILLENNITY 98 HOW MING STREET KWUN TONG KOWLOON",796481,0.00,2025-11-12T10:19:25.016Z
2025/11/08,00700,"TENCENT HOLDINGS LIMITED -HKD TRADED SHARES",B01929,"CHINA GALAXY INTERNATIONAL SECURITIES","20/F WING ON CENTRE 111 CONNAUGHT ROAD CENTRAL HONG KONG",793902,0.00,2025-11-12T10:19:25.016Z
2025/11/08,00700,"TENCENT HOLDINGS LIMITED -HKD TRADED SHARES",B01904,"VALUABLE CAPITAL LTD","ROOM 3606 36/F CHINA MERCHANTS TOWER SHUN TAK CENTRE 168-200 CONNAUGHT ROAD CENTRAL HONG KONG",792759,0.00,2025-11-12T10:19:25.016Z
2025/11/08,00700,"TENCENT HOLDINGS LIMITED -HKD TRADED SHARES",B02176,"PING AN SECURITIES (HONG KONG) CO LTD","UNITS 3601, 07 & 11-13 36/F THE CENTER 99 QUEEN'S ROAD CENTRAL HONG KONG",764011,0.00,2025-11-12T10:19:25.016Z
2025/11/08,00700,"TENCENT HOLDINGS LIMITED -HKD TRADED SHARES",B01900,"ORIENT SECURITIES (HONG KONG) LTD","28/F 100 QUEEN'S ROAD CENTER 100 QRC CENTRAL HONG KONG",756698,0.00,2025-11-12T10:19:25.016Z
2025/11/08,00700,"TENCENT HOLDINGS LIMITED -HKD TRADED SHARES",B01459,"IFAST SECURITIES (HK) LTD","SUITES 701-702, 706-713 TOWER 5 THE GATEWAY TSIM SHA TSUI KOWLOON",660639,0.00,2025-11-12T10:19:25.016Z
2025/11/08,00700,"TENCENT HOLDINGS LIMITED -HKD TRADED SHARES",B01773,"TOYO SECURITIES ASIA LTD","SUITES 2301-02 & 16 23/FL CITY PLAZA ONE 1111 KING'S ROAD TAIKOO SHING HONG KONG",645100,0.00,2025-11-12T10:19:25.016Z
2025/11/08,00700,"TENCENT HOLDINGS LIMITED -HKD TRADED SHARES",B01905,"SDICS INTERNATIONAL SECURITIES (HONG","39/F ONE EXCHANGE SQUARE CENTRAL HONG KONG",637310,0.00,2025-11-12T10:19:25.016Z
2025/11/08,00700,"TENCENT HOLDINGS LIMITED -HKD TRADED SHARES",B01183,"CHONG HING SECURITIES LTD","2/F CHONG HING BANK CENTRE 24 DES VOEUX ROAD CENTRAL HONG KONG",634892,0.00,2025-11-12T10:19:25.016Z
2025/11/08,00700,"TENCENT HOLDINGS LIMITED -HKD TRADED SHARES",B02042,"MONMONKEY GROUP SECURITIES LTD","UNIT 2418 24/F CHINA MERCHANTS TOWER SHUN TAK CENTRE 168 CONNAUGHT ROAD CENTRAL HONG KONG",618805,0.00,2025-11-12T10:19:25.016Z
2025/11/08,00700,"TENCENT HOLDINGS LIMITED -HKD TRADED SHARES",C00048,"CHIYU BANKING CORPORATION LTD","23/F BANK OF CHINA CENTRE OLYMPIAN CITY 11 HOI FAI ROAD WEST KOWLOON KOWLOON",617420,0.00,2025-11-12T10:19:25.016Z
2025/11/08,00700,"TENCENT HOLDINGS LIMITED -HKD TRADED SHARES",B01962,"CHINA SECURITIES (INTERNATIONAL)","18/F TWO EXCHANGE SQUARE 8 CONNAUGHT PLACE CENTRAL HONG KONG",543032,0.00,2025-11-12T10:19:25.016Z
2025/11/08,00700,"TENCENT HOLDINGS LIMITED -HKD TRADED SHARES",B01858,"YUANTA SECURITIES (HONG KONG) CO LTD","23/F TOWER 1 ADMIRALTY CENTRE 18 HARCOURT ROAD ADMIRALTY HONG KONG",509766,0.00,2025-11-12T10:19:25.016Z
2025/11/08,00700,"TENCENT HOLDINGS LIMITED -HKD TRADED SHARES",B01866,"ICBC INTERNATIONAL SECURITIES LTD","37/F ICBC TOWER 3 GARDEN ROAD HONG KONG",503500,0.00,2025-11-12T10:19:25.016Z
2025/11/08,00700,"TENCENT HOLDINGS LIMITED -HKD TRADED SHARES",B01813,"CCB INTERNATIONAL SECURITIES LTD","12/F CCB TOWER 3 CONNAUGHT ROAD CENTRAL CENTRAL HONG KONG",485325,0.00,2025-11-12T10:19:25.016Z
2025/11/08,00700,"TENCENT HOLDINGS LIMITED -HKD TRADED SHARES",B01849,"CIS SECURITIES ASSET MANAGEMENT LTD","21/F CENTRE POINT 181-185 GLOUCESTER ROAD WANCHAI HONG KONG",454602,0.00,2025-11-12T10:19:25.016Z
2025/11/08,00700,"TENCENT HOLDINGS LIMITED -HKD TRADED SHARES",B01284,"HANG SENG SECURITIES LTD","HANG SENG 113 113 ARGYLE STREET MONGKOK KOWLOON",376500,0.00,2025-11-12T10:19:25.016Z
2025/11/08,00700,"TENCENT HOLDINGS LIMITED -HKD TRADED SHARES",B01959,"ZHONGTAI INTERNATIONAL SECURITIES LTD","7/F LI PO CHUN CHAMBERS 189 DES VOEUX ROAD CENTRAL HONG KONG",364003,0.00,2025-11-12T10:19:25.016Z
2025/11/08,00700,"TENCENT HOLDINGS LIMITED -HKD TRADED SHARES",B02192,"HUAFU INTERNATIONAL SECURITIES LTD","UNITS 2603-04 26/F INFINITUS PLAZA 199 DES VOEUX ROAD CENTRAL HONG KONG",321700,0.00,2025-11-12T10:19:25.016Z
2025/11/08,00700,"TENCENT HOLDINGS LIMITED -HKD TRADED SHARES",B01623,"TAI FUNG KUENTAI SECURITIES CO LTD","RM 3310 33/F BANK OF AMERICA TOWER 12 HARCOURT ROAD CENTRAL HONG KONG",320400,0.00,2025-11-12T10:19:25.016Z
2025/11/08,00700,"TENCENT HOLDINGS LIMITED -HKD TRADED SHARES",B01939,"SOOCHOW SECURITIES INTERNATIONAL","LEVEL 17 THREE PACIFIC PLACE 1 QUEEN'S ROAD EAST HONG KONG",294830,0.00,2025-11-12T10:19:25.016Z
2025/11/08,00700,"TENCENT HOLDINGS LIMITED -HKD TRADED SHARES",B01832,"MIZUHO SECURITIES ASIA LTD","14/F-15/F K11 ATELIER 18 SALISBURY ROAD TSIM SHA TSUI KOWLOON",268440,0.00,2025-11-12T10:19:25.016Z
2025/11/08,00700,"TENCENT HOLDINGS LIMITED -HKD TRADED SHARES",B02159,"USMART SECURITIES LTD","UNIT 2606-07 26/F FWD FINANCIAL CENTRE 308 DES VOEUX ROAD CENTRAL HONG KONG",239250,0.00,2025-11-12T10:19:25.016Z
2025/11/08,00700,"TENCENT HOLDINGS LIMITED -HKD TRADED SHARES",B02120,"LIVERMORE HOLDINGS LTD","UNIT 1214A 12/F TOWER II CHEUNG SHA WAN PLAZA 833 CHEUNG SHA WAN ROAD KOWLOON",235801,0.00,2025-11-12T10:19:25.016Z
2025/11/08,00700,"TENCENT HOLDINGS LIMITED -HKD TRADED SHARES",B01830,"MIRAE ASSET SECURITIES (HK) LTD","SUITE 8501,8507-8508 85/F ICC KOWLOON",223101,0.00,2025-11-12T10:19:25.016Z
2025/11/08,00700,"TENCENT HOLDINGS LIMITED -HKD TRADED SHARES",C00107,"INDUSTRIAL BANK CO., LTD.","12/F ONE INTERNATIONAL FINANCE CENTRE 1 HARBOUR VIEW STREET CENTRAL HONG KONG",211965,0.00,2025-11-12T10:19:25.016Z
2025/11/08,00700,"TENCENT HOLDINGS LIMITED -HKD TRADED SHARES",B01555,"ABN AMRO CLEARING HONG KONG LTD","SUITE 2407-2409 LEVEL 24 THREE PACIFIC PLACE 1 QUEEN'S ROAD EAST HONG KONG",207206,0.00,2025-11-12T10:19:25.016Z
2025/11/08,00700,"TENCENT HOLDINGS LIMITED -HKD TRADED SHARES",B01947,"FUBON SECURITIES (HONG KONG) LTD","UNIT 1002 10/F HONG KONG LI-NING BUILDING 218 ELECTRIC ROAD NORTH POINT HONG KONG",206859,0.00,2025-11-12T10:19:25.016Z
2025/11/08,00700,"TENCENT HOLDINGS LIMITED -HKD TRADED SHARES",B01564,"ABCI SECURITIES CO LTD","13/F FAIRMONT HOUSE 8 COTTON TREE DRIVE CENTRAL HONG KONG",193300,0.00,2025-11-12T10:19:25.016Z
2025/11/08,00700,"TENCENT HOLDINGS LIMITED -HKD TRADED SHARES",B01129,"WOCOM SECURITIES LTD","RM 1002 WING ON CENTRE 111 CONNAUGHT ROAD CENTRAL HONG KONG",191074,0.00,2025-11-12T10:19:25.016Z
2025/11/08,00700,"TENCENT HOLDINGS LIMITED -HKD TRADED SHARES",B01833,"CTBC ASIA LTD","RM 2809 28/F TWO INTERNATIONAL FINANCE CENTRE 8 FINANCE STREET CENTRAL HONG KONG",187600,0.00,2025-11-12T10:19:25.016Z
2025/11/08,00700,"TENCENT HOLDINGS LIMITED -HKD TRADED SHARES",B01423,"PRUDENTIAL BROKERAGE LTD","RM 901-904 WORLD WIDE HOUSE 19 DES VOEUX ROAD CENTRAL HONG KONG",183577,0.00,2025-11-12T10:19:25.016Z
2025/11/08,00700,"TENCENT HOLDINGS LIMITED -HKD TRADED SHARES",B02102,"ZINVEST GLOBAL LTD","RM 3502 LIPPO CENTRE TOWER 2 89 QUEENSWAY HONG KONG",181121,0.00,2025-11-12T10:19:25.016Z
2025/11/08,00700,"TENCENT HOLDINGS LIMITED -HKD TRADED SHARES",B01181,"FOSUN INTERNATIONAL SECURITIES LTD","SUITE 2101-2105 21/F CHAMPION TOWER 3 GARDEN ROAD CENTRAL HONG KONG",162965,0.00,2025-11-12T10:19:25.016Z
2025/11/08,00700,"TENCENT HOLDINGS LIMITED -HKD TRADED SHARES",B01673,"FULBRIGHT SECURITIES LTD","UNIT 2207 WEST TOWER SHUN TAK CENTRE 168-200 CONNAUGHT ROAD CENTRAL SHEUNG WAN HONG KONG",157564,0.00,2025-11-12T10:19:25.016Z
2025/11/08,00700,"TENCENT HOLDINGS LIMITED -HKD TRADED SHARES",B01894,"MFG LIMITED","25/F HENLEY BUILDING 5 QUEEN'S ROAD CENTRAL HONG KONG",153365,0.00,2025-11-12T10:19:25.016Z
2025/11/08,00700,"TENCENT HOLDINGS LIMITED -HKD TRADED SHARES",B01324,"FUNDERSTONE SECURITIES LTD","ROOM 1802 18/F CAPITAL CENTRE NO. 151 GLOUCESTER ROAD WANCHAI HONG KONG",147700,0.00,2025-11-12T10:19:25.016Z
2025/11/08,00700,"TENCENT HOLDINGS LIMITED -HKD TRADED SHARES",B01973,"PC SECURITIES LTD","11/F LEE GARDEN FIVE 18 HYSAN AVENUE CAUSEWAY BAY HONG KONG",134000,0.00,2025-11-12T10:19:25.016Z
2025/11/08,00700,"TENCENT HOLDINGS LIMITED -HKD TRADED SHARES",B01556,"LUK FOOK SECURITIES (HK) LTD","UNITS 2201-2205 22/F COSCO TOWER 183 QUEEN'S ROAD CENTRAL HONG KONG",131295,0.00,2025-11-12T10:19:25.016Z
2025/11/08,00700,"TENCENT HOLDINGS LIMITED -HKD TRADED SHARES",B01209,"MASON SECURITIES LTD","2101 21/F CONVENTION PLAZA OFFICE TOWER 1 HARBOUR ROAD WANCHAI HONG KONG",128432,0.00,2025-11-12T10:19:25.016Z
2025/11/08,00700,"TENCENT HOLDINGS LIMITED -HKD TRADED SHARES",B01169,"PUBLIC FINANCIAL SECURITIES LTD","10/F PUBLIC BANK CENTRE 120 DES VOEUX ROAD CENTRAL HONG KONG",125170,0.00,2025-11-12T10:19:25.016Z
2025/11/08,00700,"TENCENT HOLDINGS LIMITED -HKD TRADED SHARES",B01940,"SOFI SECURITIES (HONG KONG) LTD","21/F H CODE 45 POTTINGER STREET CENTRAL HONG KONG",118102,0.00,2025-11-12T10:19:25.016Z
2025/11/08,00700,"TENCENT HOLDINGS LIMITED -HKD TRADED SHARES",B02206,"ZIRCON SECURITIES (HK) LTD","16/F RYKADAN CAPITAL TOWER 135 HOI BUN ROAD KWUN TONG KOWLOON",115383,0.00,2025-11-12T10:19:25.016Z
2025/11/08,00700,"TENCENT HOLDINGS LIMITED -HKD TRADED SHARES",B02163,"GOLDEN EAGLE BROKERAGE LTD","UNIT 2115 21/F NORTH TOWER CONCORDIA PLAZA NO.1 SCIENCE MUSEUM ROAD KOWLOON",115299,0.00,2025-11-12T10:19:25.016Z
2025/11/08,00700,"TENCENT HOLDINGS LIMITED -HKD TRADED SHARES",B01289,"SOUTH CHINA SECURITIES LTD","28/F BANK OF CHINA TOWER 1 GARDEN RD CENTRAL HONG KONG",115011,0.00,2025-11-12T10:19:25.016Z
2025/11/08,00700,"TENCENT HOLDINGS LIMITED -HKD TRADED SHARES",B01275,"SANFULL SECURITIES LTD","RM 2001-2006 COSCO TOWER 183 QUEEN'S ROAD CENTRAL HONG KONG",109140,0.00,2025-11-12T10:19:25.016Z
2025/11/08,00700,"TENCENT HOLDINGS LIMITED -HKD TRADED SHARES",B02032,"FORTHRIGHT SECURITIES CO LTD","20/F GOLDEN CENTRE 188 DES VOEUX ROAD CENTRAL SHEUNG WAN HONG KONG",107857,0.00,2025-11-12T10:19:25.016Z
2025/11/08,00700,"TENCENT HOLDINGS LIMITED -HKD TRADED SHARES",B01123,"HING WONG SECURITIES LTD","19/F UNIT A UNITED CENTRE 95 QUEENSWAY HONG KONG",104000,0.00,2025-11-12T10:19:25.016Z
2025/11/08,00700,"TENCENT HOLDINGS LIMITED -HKD TRADED SHARES",B01445,"VICTORY SECURITIES CO LTD","RM 1101-3 11/F YARDLEY COMMERCIAL BLDG 3 CONNAUGHT ROAD WEST SHEUNG WAN HONG KONG",101500,0.00,2025-11-12T10:19:25.016Z
2025/11/08,00700,"TENCENT HOLDINGS LIMITED -HKD TRADED SHARES",B01649,"CINDA INTERNATIONAL SECURITIES LTD","45TH FLOOR COSCO TOWER 183 QUEEN'S ROAD CENTRAL HONG KONG",100880,0.00,2025-11-12T10:19:25.016Z
2025/11/08,00700,"TENCENT HOLDINGS LIMITED -HKD TRADED SHARES",B01119,"CELESTIAL SECURITIES LTD","22/F MANHATTAN PLACE 23 WANG TAI ROAD KOWLOON BAY KOWLOON",100001,0.00,2025-11-12T10:19:25.016Z
2025/11/08,00700,"TENCENT HOLDINGS LIMITED -HKD TRADED SHARES",B01875,"GUODU SECURITIES (HONG KONG) LTD","RM 1307 13/F BANK OF AMERICA TOWER 12 HARCOURT ROAD CENTRAL HONG KONG",100000,0.00,2025-11-12T10:19:25.016Z
2025/11/08,00700,"TENCENT HOLDINGS LIMITED -HKD TRADED SHARES",B01230,"GAOYU SECURITIES LIMITED","SUITE 4409 44/F COSCO TOWER 183 QUEEN'S ROAD CENTRAL HONG KONG",98300,0.00,2025-11-12T10:19:25.016Z
2025/11/08,00700,"TENCENT HOLDINGS LIMITED -HKD TRADED SHARES",B01184,"QUAM SECURITIES LTD","5/F,RM 2401&2412 WING ON CENTRE 111 CONNAUGHT ROAD CENTRAL SHEUNG WAN HONG KONG",94458,0.00,2025-11-12T10:19:25.016Z
2025/11/08,00700,"TENCENT HOLDINGS LIMITED -HKD TRADED SHARES",B02210,"ARK GROUP HOLDINGS (HONG KONG) LTD","34/F TOWER TWO TIMES SQUARE 1 MATHESON STREET CAUSEWAY BAY HONG KONG",85300,0.00,2025-11-12T10:19:25.016Z
2025/11/08,00700,"TENCENT HOLDINGS LIMITED -HKD TRADED SHARES",B01848,"CATHAY SECURITIES (HONG KONG) LTD","RM 1001 10/F CHINA BUILDING 29 QUEEN'S ROAD CENTRAL HONG KONG",84940,0.00,2025-11-12T10:19:25.016Z
2025/11/08,00700,"TENCENT HOLDINGS LIMITED -HKD TRADED SHARES",B01455,"NATIONAL RESOURCES SECURITIES LTD","RM 102 1/F ON HONG COMMERCIAL BUILDING 145 HENNESSY ROAD WANCHAI HONG KONG",84400,0.00,2025-11-12T10:19:25.016Z
2025/11/08,00700,"TENCENT HOLDINGS LIMITED -HKD TRADED SHARES",B01252,"CORPORATE BROKERS LTD","UNIT 408-409 4/F FORTRESS TOWER 250 KING'S ROAD FORTRESS HILL HONG KONG",84000,0.00,2025-11-12T10:19:25.016Z
2025/11/08,00700,"TENCENT HOLDINGS LIMITED -HKD TRADED SHARES",B01937,"CHANGJIANG SECURITIES BROKERAGE (HK) LTD","UNIT 3605-3611 36/F COSCO TOWER 183 QUEEN'S ROAD CENTRAL CENTRAL HONG KONG",82900,0.00,2025-11-12T10:19:25.016Z
2025/11/08,00700,"TENCENT HOLDINGS LIMITED -HKD TRADED SHARES",B02108,"WK SECURITIES LTD","UNIT 1501 15/F TAI TUNG BUILDING NO.8 FLEMING ROAD WAN CHAI HONG KONG",81700,0.00,2025-11-12T10:19:25.016Z
2025/11/08,00700,"TENCENT HOLDINGS LIMITED -HKD TRADED SHARES",B01265,"OCBC SECURITIES BROKERAGE (HK) LTD","1/F CHUN WO COMMERCIAL CENTRE 23-29 WING WO STREET CENTRAL HONG KONG",80065,0.00,2025-11-12T10:19:25.016Z
2025/11/08,00700,"TENCENT HOLDINGS LIMITED -HKD TRADED SHARES",B01893,"WINCO SECURITIES CO LTD","RM 1404 14/F COSCO TOWER 183 QUEEN'S ROAD CENTRAL HONG KONG",78000,0.00,2025-11-12T10:19:25.016Z
2025/11/08,00700,"TENCENT HOLDINGS LIMITED -HKD TRADED SHARES",B02171,"DL SECURITIES (HK) LTD","21/F DL TOWER 92 WELLINGTON STREET CENTRAL HONG KONG",77000,0.00,2025-11-12T10:19:25.016Z
2025/11/08,00700,"TENCENT HOLDINGS LIMITED -HKD TRADED SHARES",B02175,"WEBULL SECURITIES LTD","SUITES 2509-12 25/F TOWER 6 THE GATEWAY HARBOUR CITY KOWLOON",73224,0.00,2025-11-12T10:19:25.016Z
2025/11/08,00700,"TENCENT HOLDINGS LIMITED -HKD TRADED SHARES",B01669,"FIRST SECURITIES (HK) LTD","RM 1708-1710 17/F CHINA INSURANCE GROUP BUILDING 141 DES VOEUX ROAD CENTRAL HONG KONG",71500,0.00,2025-11-12T10:19:25.016Z
2025/11/08,00700,"TENCENT HOLDINGS LIMITED -HKD TRADED SHARES",B01298,"GET NICE SECURITIES LTD","G/F-3/F COSCO TOWER GRAND MILLENNIUM PLAZA 183 QUEEN'S ROAD CENTRAL HONG KONG",70000,0.00,2025-11-12T10:19:25.016Z
2025/11/08,00700,"TENCENT HOLDINGS LIMITED -HKD TRADED SHARES",B01246,"ROCTEC SECURITIES CO LTD","ROOM 3908 39/F THE CENTER 99 QUEEN'S ROAD CENTRAL HONG KONG",69600,0.00,2025-11-12T10:19:25.016Z
2025/11/08,00700,"TENCENT HOLDINGS LIMITED -HKD TRADED SHARES",B01810,"ASTRUM CAPITAL MANAGEMENT LTD","RM 2704 TOWER 1 ADMIRALTY CENTRE 18 HARCOURT ROAD ADMIRALTY HONG KONG",66000,0.00,2025-11-12T10:19:25.016Z
2025/11/08,00700,"TENCENT HOLDINGS LIMITED -HKD TRADED SHARES",B01567,"PRIME SECURITIES LTD","ROOM 1602 16/F KAI TAK COMMERCIAL BUILDING 317-319 DES VOEUX ROAD CENTRAL HONG KONG",62450,0.00,2025-11-12T10:19:25.016Z
2025/11/08,00700,"TENCENT HOLDINGS LIMITED -HKD TRADED SHARES",B01425,"WELLFULL SECURITIES CO LTD","RM 406 4/F HOUSTON CENTRE 63 MODY ROAD TSIMSHATSUI EAST KOWLOON",62400,0.00,2025-11-12T10:19:25.016Z
2025/11/08,00700,"TENCENT HOLDINGS LIMITED -HKD TRADED SHARES",B01641,"FULL WIN SECURITIES LTD","RM 1101 11/F YUE SHING COMMERCIAL BUILDING 15-16 QUEEN VICTORIA STREET CENTRAL HONG KONG",61900,0.00,2025-11-12T10:19:25.016Z
2025/11/08,00700,"TENCENT HOLDINGS LIMITED -HKD TRADED SHARES",B01552,"CARRIER STOCK INVESTMENT CO LTD","FLAT 1A 1/F MAN HING COMMERCIAL BUILDING 79-83 QUEEN'S ROAD CENTRAL CENTRAL HONG KONG",61000,0.00,2025-11-12T10:19:25.016Z
2025/11/08,00700,"TENCENT HOLDINGS LIMITED -HKD TRADED SHARES",B01470,"HUNG SING SECURITIES LTD","SUITE 2505 25/F WEST TOWER SHUN TAK CENTRE 200 CONNAUGHT ROAD CENTRAL SHEUNG WAN HONG KONG",60600,0.00,2025-11-12T10:19:25.016Z
2025/11/08,00700,"TENCENT HOLDINGS LIMITED -HKD TRADED SHARES",B01734,"KCG SECURITIES ASIA LTD","UNIT 2 24/F WORLDWIDE HOUSE 19 DES VOEUX ROAD CENTRAL HONG KONG",58205,0.00,2025-11-12T10:19:25.016Z
2025/11/08,00700,"TENCENT HOLDINGS LIMITED -HKD TRADED SHARES",B01963,"TFI SECURITIES AND FUTURES LTD","16/F TWO PACIFIC PLACE 88 QUEENSWAY ADMIRALTY HONG KONG",57700,0.00,2025-11-12T10:19:25.016Z
2025/11/08,00700,"TENCENT HOLDINGS LIMITED -HKD TRADED SHARES",B01980,"SHANXI SECURITIES INTERNATIONAL LTD","UNIT A 29/F ADMIRALTY CENTRE TOWER 1 18 HARCOURT ROAD ADMIRALTY HONG KONG",56800,0.00,2025-11-12T10:19:25.016Z
2025/11/08,00700,"TENCENT HOLDINGS LIMITED -HKD TRADED SHARES",B01787,"SOO PUI CHEN SECURITIES LTD","RM 802 CHEONG K BUILDING 86 DES VOEUX ROAD CENTRAL HONG KONG",56700,0.00,2025-11-12T10:19:25.016Z
2025/11/08,00700,"TENCENT HOLDINGS LIMITED -HKD TRADED SHARES",B01601,"CSC SECURITIES (HK) LTD","3/F 308 CENTRAL DES VOEUX 308 DES VOEUX ROAD CENTRAL SHEUNG WAN HONG KONG",55500,0.00,2025-11-12T10:19:25.016Z
2025/11/08,00700,"TENCENT HOLDINGS LIMITED -HKD TRADED SHARES",B01753,"FORTUNE (HK) SECURITIES LTD","UNIT 4102-06 41/F COSCO TOWER 183 QUEEN'S ROAD CENTRAL SHEUNG WAN HONG KONG",54100,0.00,2025-11-12T10:19:25.016Z
2025/11/08,00700,"TENCENT HOLDINGS LIMITED -HKD TRADED SHARES",B02183,"SPDB INTERNATIONAL SECURITIES LTD","33/F SPD BANK TOWER ONE HENNESSY 1 HENNESSY ROAD HONG KONG",53700,0.00,2025-11-12T10:19:25.016Z
2025/11/08,00700,"TENCENT HOLDINGS LIMITED -HKD TRADED SHARES",B01198,"PO KAY SECURITIES & SHARES CO LTD","14/F GRAND BUILDING 15-18 CONNAUGHT ROAD CENTRAL HONG KONG",52600,0.00,2025-11-12T10:19:25.016Z
2025/11/08,00700,"TENCENT HOLDINGS LIMITED -HKD TRADED SHARES",B01915,"METAVERSE SECURITIES LTD","SUITE 4806-07 48/F CENTRAL PLAZA 18 HARBOUR ROAD WANCHAI HONG KONG",50658,0.00,2025-11-12T10:19:25.016Z
2025/11/08,00700,"TENCENT HOLDINGS LIMITED -HKD TRADED SHARES",B01351,"WING FUNG SECURITIES LTD","UNIT 1001-8 10/F COSCO TOWER GRAND MILLENNIUM PLAZA 183 QUEEN'S ROAD CENTRAL CENTRAL HONG KONG",49800,0.00,2025-11-12T10:19:25.016Z
2025/11/08,00700,"TENCENT HOLDINGS LIMITED -HKD TRADED SHARES",B01356,"DELTA ASIA SECURITIES LTD","5/F LUK KWOK CENTRE 72 GLOUCESTER ROAD WANCHAI HONG KONG",48400,0.00,2025-11-12T10:19:25.016Z
2025/11/08,00700,"TENCENT HOLDINGS LIMITED -HKD TRADED SHARES",B01551,"YUE XIU SECURITIES CO LTD","ROOM NOS 4917-4937 49/F SUN HUNG KAI CENTRE 30 HABOUR ROAD WAN CHAI HONG KONG",46920,0.00,2025-11-12T10:19:25.016Z
2025/11/08,00700,"TENCENT HOLDINGS LIMITED -HKD TRADED SHARES",B01814,"WELL LINK SECURITIES LTD","UNIT 13-15 11/F CHINA MERCHANTS TOWER SHUN TAK CENTRE 168-200 CONNAUGHT ROAD CENTRAL HONG KONG",45600,0.00,2025-11-12T10:19:25.016Z
2025/11/08,00700,"TENCENT HOLDINGS LIMITED -HKD TRADED SHARES",B01322,"WATON SECURITIES INTERNATIONAL LIMITED","SUITES 3605-6 36/F TOWER 6 THE GATEWAY HARBOUR CITY KOWLOON",42500,0.00,2025-11-12T10:19:25.016Z
2025/11/08,00700,"TENCENT HOLDINGS LIMITED -HKD TRADED SHARES",B01585,"SINO GRADE SECURITIES LTD","ROOM 601-602 6/F TAI PO COMMERCIAL CENTRE 152-172 KWONG FUK ROAD TAI PO NEW TERRITORIES",42500,0.00,2025-11-12T10:19:25.016Z
2025/11/08,00700,"TENCENT HOLDINGS LIMITED -HKD TRADED SHARES",B02141,"XIN YONGAN INTERNATIONAL SECURITIES","UNITS 3511-15 35/F COSCO TOWER GRAND MILLENNIUM PLAZA 183 QUEEN'S ROAD CENTRAL HONG KONG",42500,0.00,2025-11-12T10:19:25.016Z
2025/11/08,00700,"TENCENT HOLDINGS LIMITED -HKD TRADED SHARES",B01373,"CHRISTFUND SECURITIES LTD","28/F TWO CHINACHEM CENTRAL 26 DES VOEUX ROAD CENTRAL HONG KONG",42100,0.00,2025-11-12T10:19:25.016Z
2025/11/08,00700,"TENCENT HOLDINGS LIMITED -HKD TRADED SHARES",B01930,"PRIME COURAGE SECURITIES CO LTD","UNIT A 23/F 88 LOCKHART ROAD WANCHAI HONG KONG",41400,0.00,2025-11-12T10:19:25.016Z
2025/11/08,00700,"TENCENT HOLDINGS LIMITED -HKD TRADED SHARES",B01588,"LEI SHING HONG SECURITIES LTD","8/F NEW WORLD TOWER I 18 QUEEN'S ROAD CENTRAL HONG KONG",40500,0.00,2025-11-12T10:19:25.016Z
2025/11/08,00700,"TENCENT HOLDINGS LIMITED -HKD TRADED SHARES",B02078,"AFFLUX SECURITIES LTD","ROOM 06 11/F EMPEROR GROUP CENTRE 288 HENNESSY ROAD WAN CHAI HONG KONG",39600,0.00,2025-11-12T10:19:25.016Z
2025/11/08,00700,"TENCENT HOLDINGS LIMITED -HKD TRADED SHARES",B01710,"SINO-RICH SECURITIES & FUTURES LTD","UNIT 2205-06 22/F GLOBAL TRADE SQUARE 21 WONG CHUK HANG ROAD HONG KONG",39200,0.00,2025-11-12T10:19:25.016Z
2025/11/08,00700,"TENCENT HOLDINGS LIMITED -HKD TRADED SHARES",B01519,"GOOD HARVEST SECURITIES CO LTD","7/F HARBOUR COMMERCIAL BUILDING 122-124 CONNAUGHT ROAD CENTRAL CENTRAL HONG KONG",38600,0.00,2025-11-12T10:19:25.016Z
2025/11/08,00700,"TENCENT HOLDINGS LIMITED -HKD TRADED SHARES",B01897,"CENTRAL WEALTH SECURITIES INVESTMENT LTD","5/F CHINA TAIPING TOWER PHASE II 8 SUNNING ROAD CAUSEWAY BAY HONG KONG",38400,0.00,2025-11-12T10:19:25.016Z
2025/11/08,00700,"TENCENT HOLDINGS LIMITED -HKD TRADED SHARES",B01696,"HANTEC SECURITIES CO LTD","12/F SOUTH CHINA BUILDING 1-3 WYNDHAM STREET CENTRAL HONG KONG",35170,0.00,2025-11-12T10:19:25.016Z
2025/11/08,00700,"TENCENT HOLDINGS LIMITED -HKD TRADED SHARES",B01967,"YUNFENG SECURITIES LTD","ROOM 1803-1806 18/F YF LIFE CENTRE 38 GLOUCESTER ROAD WANCHAI HONG KONG",34372,0.00,2025-11-12T10:19:25.016Z
2025/11/08,00700,"TENCENT HOLDINGS LIMITED -HKD TRADED SHARES",B01659,"CHEER UNION SECURITIES LTD","ROOM 2101 21/F TOWER 1 LIPPO CENTRE 89 QUEENSWAY ADMIRALTY HONG KONG",34000,0.00,2025-11-12T10:19:25.016Z
2025/11/08,00700,"TENCENT HOLDINGS LIMITED -HKD TRADED SHARES",B01576,"SIU ON SECURITIES LTD","32/F SIU ON CENTRE 188 LOCKHART ROAD WANCHAI HONG KONG",33700,0.00,2025-11-12T10:19:25.016Z
2025/11/08,00700,"TENCENT HOLDINGS LIMITED -HKD TRADED SHARES",B02047,"EDDID SECURITIES AND FUTURES LTD","21/F CITIC TOWER 1 TIM MEI AVENUE CENTRAL HONG KONG",33400,0.00,2025-11-12T10:19:25.016Z
2025/11/08,00700,"TENCENT HOLDINGS LIMITED -HKD TRADED SHARES",B01514,"KARL-THOMSON SECURITIES CO LTD","RM 607-610 6/F TAI YAU BUILDING 181 JOHNSTON ROAD WANCHAI HONG KONG",32600,0.00,2025-11-12T10:19:25.016Z
2025/11/08,00700,"TENCENT HOLDINGS LIMITED -HKD TRADED SHARES",B01843,"TELECOM KING SECURITIES LTD","UNIT 1202 12/F TELECOM DIGITAL TOWER 58 TSUN YIP STREET KWUN TONG KOWLOON",32455,0.00,2025-11-12T10:19:25.016Z
2025/11/08,00700,"TENCENT HOLDINGS LIMITED -HKD TRADED SHARES",B02021,"NEW HARVEST WEALTH SECURITIES COMPANY","32/F LEE GARDEN ONE 33 HYSAN AVENUE CAUSEWAY BAY HONG KONG",31310,0.00,2025-11-12T10:19:25.016Z
2025/11/08,00700,"TENCENT HOLDINGS LIMITED -HKD TRADED SHARES",B01511,"TAT LEE SECURITIES CO LTD","RM 1801-1806 PRESIDENT COMMERCIAL CENTRE 608 NATHAN ROAD MONGKOK KOWLOON",30000,0.00,2025-11-12T10:19:25.016Z
2025/11/08,00700,"TENCENT HOLDINGS LIMITED -HKD TRADED SHARES",B01785,"PARTNERS CAPITAL SECURITIES LTD","UNIT 4911-12 49/F THE CENTRE 99 QUEEN'S ROAD CENTRAL CENTRAL HONG KONG",29700,0.00,2025-11-12T10:19:25.016Z
2025/11/08,00700,"TENCENT HOLDINGS LIMITED -HKD TRADED SHARES",B01949,"GRAND CHINA SECURITIES LTD","RM 503 5/F LOKE YEW 50-52 QUEEN'S ROAD CENTRAL CENTRAL HONG KONG",29500,0.00,2025-11-12T10:19:25.016Z
2025/11/08,00700,"TENCENT HOLDINGS LIMITED -HKD TRADED SHARES",B01941,"CENTALINE SECURITIES LTD","SUITES 805-806 8/F SOUTH TOWER WORLD FINANCE CENTRE HARBOUR CITY 17-19 CANTON ROAD TSIMSHATSUI KOWLOON",29274,0.00,2025-11-12T10:19:25.016Z
2025/11/08,00700,"TENCENT HOLDINGS LIMITED -HKD TRADED SHARES",B01948,"CAITONG INTERNATIONAL SECURITIES CO LTD","RM 2401-2405 24/F GRAND MILLENNIUM PLAZA 181 QUEEN'S ROAD CENTRAL HONG KONG",29200,0.00,2025-11-12T10:19:25.016Z
2025/11/08,00700,"TENCENT HOLDINGS LIMITED -HKD TRADED SHARES",B01439,"TAI TAK SECURITIES (ASIA) LTD","707A WING ON HOUSE 71 DES VOEUX ROAD CENTRAL HONG KONG",28300,0.00,2025-11-12T10:19:25.016Z
2025/11/08,00700,"TENCENT HOLDINGS LIMITED -HKD TRADED SHARES",B01267,"WINFULL SECURITIES LTD","RM 1402 FORTIS BANK TOWER 77-79 GLOUCESTER ROAD WANCHAI HONG KONG",28200,0.00,2025-11-12T10:19:25.016Z
2025/11/08,00700,"TENCENT HOLDINGS LIMITED -HKD TRADED SHARES",B01978,"FOUNDER SECURITIES (HONG KONG) LTD","ROOM 801-02 8/F SHANGHAI INDUSTRIAL INVESTMENT BUILDING 48-62 HENNESSY ROAD WAN CHAI HONG KONG",28100,0.00,2025-11-12T10:19:25.016Z
2025/11/08,00700,"TENCENT HOLDINGS LIMITED -HKD TRADED SHARES",B01450,"DL BROKERAGE LTD","1/F WING'S BLDG 110-116 QUEEN'S ROAD CENTRAL HONG KONG",27400,0.00,2025-11-12T10:19:25.016Z
2025/11/08,00700,"TENCENT HOLDINGS LIMITED -HKD TRADED SHARES",B01853,"CMBC SECURITIES CO LTD","45/F ONE EXCHANGE SQUARE 8 CONNAUGHT PLACE CENTRAL HONG KONG",27200,0.00,2025-11-12T10:19:25.016Z
2025/11/08,00700,"TENCENT HOLDINGS LIMITED -HKD TRADED SHARES",B01158,"SOLID KING SECURITIES LTD","UNITS 1205-6 12/F WEST TOWER SHUN TAK CENTRE 200 CONNAUGHT ROAD CENTRAL HONG KONG",25500,0.00,2025-11-12T10:19:25.016Z
2025/11/08,00700,"TENCENT HOLDINGS LIMITED -HKD TRADED SHARES",B02156,"LINKWAYS INVESTMENT MANAGEMENT LTD","ROOM 702 7/F DINA HOUSE 3-11 DUDDELL STREET CENTRAL HONG KONG",25499,0.00,2025-11-12T10:19:25.016Z
2025/11/08,00700,"TENCENT HOLDINGS LIMITED -HKD TRADED SHARES",B01782,"SEAGA INTERNATIONAL LTD","3/F MONARCH HOUSE II 501-503 HENNESSY ROAD CAUSEWAY BAY HONG KONG",25100,0.00,2025-11-12T10:19:25.016Z
2025/11/08,00700,"TENCENT HOLDINGS LIMITED -HKD TRADED SHARES",B01809,"CHINA SYSTEM SECURITIES LTD","ROOM 1201-02 12/F TUNG HIP COMMERCIAL BUILDING 252 DES VOEUX ROAD CENTRAL HONG KONG",24900,0.00,2025-11-12T10:19:25.016Z
2025/11/08,00700,"TENCENT HOLDINGS LIMITED -HKD TRADED SHARES",B01580,"OSHIDORI SECURITIES LTD","25/F CHINA UNITED CENTRE 28 MARBLE ROAD NORTH POINT HONG KONG",24600,0.00,2025-11-12T10:19:25.016Z
2025/11/08,00700,"TENCENT HOLDINGS LIMITED -HKD TRADED SHARES",B01253,"STOCKWELL SECURITIES LTD","UNITS 406-410 4/F TOWER 2 SILVERCORD 30 CANTON ROAD TSIM SHA TSUI KOWLOON",24440,0.00,2025-11-12T10:19:25.016Z
2025/11/08,00700,"TENCENT HOLDINGS LIMITED -HKD TRADED SHARES",B01645,"SELINA & CO LTD","SUITE 2401 CHINACHEM EXCHANGE SQUARE 1 HOI WAN STREET QUARRY BAY HONG KONG",23800,0.00,2025-11-12T10:19:25.016Z
2025/11/08,00700,"TENCENT HOLDINGS LIMITED -HKD TRADED SHARES",B01986,"HUAJIN SECURITIES (INTERNATIONAL) LTD","SUITE 1101-1106 11/F CHAMPION TOWER 3 GARDEN ROAD CENTRAL HONG KONG",23000,0.00,2025-11-12T10:19:25.016Z
2025/11/08,00700,"TENCENT HOLDINGS LIMITED -HKD TRADED SHARES",B01213,"MONEYMORE SECURITIES LTD","6TH FLOOR MALAHON CENTRE 8-12 STANLEY STREET CENTRAL HONG KONG",21900,0.00,2025-11-12T10:19:25.016Z
2025/11/08,00700,"TENCENT HOLDINGS LIMITED -HKD TRADED SHARES",B01173,"RIFA SECURITIES LTD","LEVEL 7 28 HENNESSY ROAD WANCHAI HONG KONG",21800,0.00,2025-11-12T10:19:25.016Z
2025/11/08,00700,"TENCENT HOLDINGS LIMITED -HKD TRADED SHARES",B01793,"ASIA PACIFIC CAPITAL SECURITIES LTD","ROOM 509 5/F STAG BUILDING 148-150 QUEEN'S ROAD CENTRAL CENTRAL HONG KONG",21800,0.00,2025-11-12T10:19:25.016Z
2025/11/08,00700,"TENCENT HOLDINGS LIMITED -HKD TRADED SHARES",B01458,"YICKO SECURITIES LTD","19TH FLOOR TUNG NING BUILDING 125-7 CONNAUGHT ROAD CENTRAL HONG KONG",21430,0.00,2025-11-12T10:19:25.016Z
2025/11/08,00700,"TENCENT HOLDINGS LIMITED -HKD TRADED SHARES",B01925,"BMI SECURITIES LTD","SUITES 2701-2708 27/F SHUI ON CENTRE 6-8 HARBOUR ROAD WANCHAI HONG KONG",21200,0.00,2025-11-12T10:19:25.016Z
2025/11/08,00700,"TENCENT HOLDINGS LIMITED -HKD TRADED SHARES",B01523,"EVER-LONG SECURITIES CO LTD","ROOMS 301-303 3/F 12 TAIKOO WAN ROAD TAIKOO SHING QUARRY BAY HONG KONG",20900,0.00,2025-11-12T10:19:25.016Z
2025/11/08,00700,"TENCENT HOLDINGS LIMITED -HKD TRADED SHARES",B01909,"SHENG YUAN SECURITIES LTD","UNITS 3208-9 32/F GRAND MILLENNIUM PLAZA COSCO TOWER 183 QUEEN'S ROAD CENTRAL SHEUNG WAN HONG KONG",20600,0.00,2025-11-12T10:19:25.016Z
2025/11/08,00700,"TENCENT HOLDINGS LIMITED -HKD TRADED SHARES",B01592,"PLATINUM BROKING CO LTD","21/F LHT TOWER 31 QUEEN'S ROAD CENTRAL HONG KONG",20300,0.00,2025-11-12T10:19:25.016Z
2025/11/08,00700,"TENCENT HOLDINGS LIMITED -HKD TRADED SHARES",B01540,"UPBEST SECURITIES CO LTD","2/F WAH KIT COMMERCIAL CENTRE 302 DES VOEUX ROAD CENTRAL HONG KONG",20200,0.00,2025-11-12T10:19:25.016Z
2025/11/08,00700,"TENCENT HOLDINGS LIMITED -HKD TRADED SHARES",B01666,"GLORY SUN SECURITIES LTD","ROOM 2307-09 23/F CHINA RESOURCES BUILDING 26 HARBOUR ROAD WAN CHAI HONG KONG",19600,0.00,2025-11-12T10:19:25.016Z
2025/11/08,00700,"TENCENT HOLDINGS LIMITED -HKD TRADED SHARES",B01714,"HEAD & SHOULDERS SECURITIES LTD","28/F QUEEN'S ROAD CENTRE 152 QUEEN'S ROAD CENTRAL HONG KONG",19600,0.00,2025-11-12T10:19:25.016Z
2025/11/08,00700,"TENCENT HOLDINGS LIMITED -HKD TRADED SHARES",B01676,"TAI SHING STOCK INVESTMENT CO LTD","ROOM 801-804 HALESON BUILDING 1 JUBILEE STREET CENTRAL HONG KONG",19175,0.00,2025-11-12T10:19:25.016Z
2025/11/08,00700,"TENCENT HOLDINGS LIMITED -HKD TRADED SHARES",B02030,"SR WEALTH SECURITIES LTD","UNIT 1305 13/F WEST TOWER SHUN TAK CENTRE 168-200 CONNAUGHT ROAD CENTRAL HONG KONG",18700,0.00,2025-11-12T10:19:25.016Z
2025/11/08,00700,"TENCENT HOLDINGS LIMITED -HKD TRADED SHARES",B01546,"WO FUNG SECURITIES CO LTD","2/F SIU YING COMM BLDG 151-155 QUEEN'S ROAD CENTRAL HONG KONG",18300,0.00,2025-11-12T10:19:25.016Z
2025/11/08,00700,"TENCENT HOLDINGS LIMITED -HKD TRADED SHARES",B01433,"HING WAI ALLIED SECURITIES LTD","RM 2902-2903 118 CONNAUGHT ROAD WEST HONG KONG",17900,0.00,2025-11-12T10:19:25.016Z
2025/11/08,00700,"TENCENT HOLDINGS LIMITED -HKD TRADED SHARES",B01494,"AUDREY CHOW SECURITIES LTD","6/F GRAND BUILDING 15-18 CONNAUGHT ROAD CENTRAL HONG KONG",17300,0.00,2025-11-12T10:19:25.016Z
2025/11/08,00700,"TENCENT HOLDINGS LIMITED -HKD TRADED SHARES",B02099,"DA INTERNATIONAL FINANCIAL SERVICE LTD","RM 4704-06 47/F HOPEWELL CENTRE 183 QUEEN'S ROAD EAST WAN CHAI HONG KONG",16500,0.00,2025-11-12T10:19:25.016Z
2025/11/08,00700,"TENCENT HOLDINGS LIMITED -HKD TRADED SHARES",B01958,"TOPAZ FINANCIAL GROUP LTD","ROOMS 2709-12 27/F WING ON CENTRE 111 CONNAUGHT ROAD CENTRAL HONG KONG",16400,0.00,2025-11-12T10:19:25.016Z
2025/11/08,00700,"TENCENT HOLDINGS LIMITED -HKD TRADED SHARES",B02177,"ZHESHANG INTERNATIONAL FINANCIAL","ROOM 1703-06 17/F INFINITUS PLAZA 199 DES VOEUX ROAD CENTRAL SHEUNG WAN HONG KONG",16300,0.00,2025-11-12T10:19:25.016Z
2025/11/08,00700,"TENCENT HOLDINGS LIMITED -HKD TRADED SHARES",B01886,"CNI SECURITIES GROUP LTD","UNIT A 26/F TIMES MEDIA CENTRE 133 WANCHAI ROAD WANCHAI HONG KONG",16100,0.00,2025-11-12T10:19:25.016Z
2025/11/08,00700,"TENCENT HOLDINGS LIMITED -HKD TRADED SHARES",B01292,"ALPHA SECURITIES CO LTD","RM 3702A 37/F FAR EAST FINANCE CENTRE 16 HARCOURT ROAD ADMIRALTY HONG KONG",15800,0.00,2025-11-12T10:19:25.016Z
2025/11/08,00700,"TENCENT HOLDINGS LIMITED -HKD TRADED SHARES",B02181,"GRAND CAPITAL SECURITIES LTD","21/F SILVER FORTUNE PLAZA 1 WELLINGTON STREET CENTRAL HONG KONG",15800,0.00,2025-11-12T10:19:25.016Z
2025/11/08,00700,"TENCENT HOLDINGS LIMITED -HKD TRADED SHARES",B01971,"HGNH INTERNATIONAL SECURITIES CO LTD","17/F CENTRE POINT 181-185 GLOUCESTER ROAD WANCHAI HONG KONG",15500,0.00,2025-11-12T10:19:25.016Z
2025/11/08,00700,"TENCENT HOLDINGS LIMITED -HKD TRADED SHARES",B01271,"HANG TAI SECURITIES LTD","ROOM 2105A 21/F K.WAH CENTRE 191 JAVA ROAD NORTH POINT HONG KONG",15400,0.00,2025-11-12T10:19:25.016Z
2025/11/08,00700,"TENCENT HOLDINGS LIMITED -HKD TRADED SHARES",B01700,"REALINK FINANCIAL TRADE LTD","UNIT 710-715 7/F MILLENNIUM CITY 2 378 KWUN TONG ROAD KOWLOON",15202,0.00,2025-11-12T10:19:25.016Z
2025/11/08,00700,"TENCENT HOLDINGS LIMITED -HKD TRADED SHARES",B01577,"YF SECURITIES CO LTD","11/F CMA BUILDING 64-66 CONNAUGHT ROAD CENTRAL HONG KONG",15100,0.00,2025-11-12T10:19:25.016Z
2025/11/08,00700,"TENCENT HOLDINGS LIMITED -HKD TRADED SHARES",B02035,"PRIME CHINA SECURITIES LTD","RM B & C 31/F BLOCK B BILLION CENTRE 1 WANG KWONG ROAD KOWLOON",14800,0.00,2025-11-12T10:19:25.016Z
2025/11/08,00700,"TENCENT HOLDINGS LIMITED -HKD TRADED SHARES",B01401,"MEGABASE SECURITIES LTD","RM 608-609 6/F ONE ISLAND SOUTH 2 HEUNG YIP ROAD HONG KONG",14300,0.00,2025-11-12T10:19:25.016Z
2025/11/08,00700,"TENCENT HOLDINGS LIMITED -HKD TRADED SHARES",B01936,"MIGHTY BROKERAGE (ASIA) LTD","SHOP 68-70 MANOR CENTRE 218 FUK WING STREET CHEUNG SHA WAN KOWLOON",14000,0.00,2025-11-12T10:19:25.016Z
2025/11/08,00700,"TENCENT HOLDINGS LIMITED -HKD TRADED SHARES",B01964,"HALCYON SECURITIES LTD","RM 3401 34/F HOPEWELL CENTRE 183 QUEEN'S ROAD EAST WANCHAI HONG KONG",14000,0.00,2025-11-12T10:19:25.016Z
2025/11/08,00700,"TENCENT HOLDINGS LIMITED -HKD TRADED SHARES",B01510,"ORIENTAL PATRON SECURITIES LTD","SUITES 4004 40/F TWO EXCHANGE SQUARE 8 CONNAUGHT PLACE CENTRAL HONG KONG",13600,0.00,2025-11-12T10:19:25.016Z
2025/11/08,00700,"TENCENT HOLDINGS LIMITED -HKD TRADED SHARES",B01438,"KINGSTON SECURITIES LTD","72/F THE CENTER 99 QUEEN'S ROAD CENTRAL CENTRAL HONG KONG",13500,0.00,2025-11-12T10:19:25.016Z
2025/11/08,00700,"TENCENT HOLDINGS LIMITED -HKD TRADED SHARES",B01653,"WAI MAN STOCK & SHARES CO LTD","RM 2 2/F LAI KWAN COURT 438 CASTLE PEAK ROAD CHEUNG SHA WAN KOWLOON",13300,0.00,2025-11-12T10:19:25.016Z
2025/11/08,00700,"TENCENT HOLDINGS LIMITED -HKD TRADED SHARES",B01340,"LEHIN SECURITIES LTD","UNIT 1007 10/F CHINA INSURANCE GROUP BUILDING 141 DES VOEUX ROAD CENTRAL CENTRAL HONG KONG",12501,0.00,2025-11-12T10:19:25.016Z
2025/11/08,00700,"TENCENT HOLDINGS LIMITED -HKD TRADED SHARES",B01350,"S. W. WOO & CO LTD","RM 1803 YUE SHING COMM BLDG 15 QUEEN VICTORIA ST CENTRAL HONG KONG",12100,0.00,2025-11-12T10:19:25.016Z
2025/11/08,00700,"TENCENT HOLDINGS LIMITED -HKD TRADED SHARES",B01509,"UNICORN SECURITIES CO LTD","RM 502 GENERAL COMMERCIAL BUILDING 156-164 DES VOEUX ROAD CENTRAL HONG KONG",11900,0.00,2025-11-12T10:19:25.016Z
2025/11/08,00700,"TENCENT HOLDINGS LIMITED -HKD TRADED SHARES",B01993,"CROSBY SECURITIES LTD","23/F-24/F EMPEROR GROUP CENTRE 288 HENNESSY ROAD WANCHAI HONG KONG",11850,0.00,2025-11-12T10:19:25.016Z
2025/11/08,00700,"TENCENT HOLDINGS LIMITED -HKD TRADED SHARES",B02091,"STAR RIVER SECURITIES LTD","ROOM 2402 WING ON CENTRE 111 CONNAUGHT ROAD CENTRAL HONG KONG",11700,0.00,2025-11-12T10:19:25.016Z
2025/11/08,00700,"TENCENT HOLDINGS LIMITED -HKD TRADED SHARES",B01990,"GRANDLY FINANCIAL SERVICES LTD","RM 1403 14/F YUE XIU BUILDING 160-174 LOCKHART ROAD WANCHAI HONG KONG",11600,0.00,2025-11-12T10:19:25.016Z
2025/11/08,00700,"TENCENT HOLDINGS LIMITED -HKD TRADED SHARES",B01684,"WANG ON SECURITIES LTD","UNIT 3904-06 39/F COSCO TOWER 183 QUEEN'S ROAD CENTRAL SHEUNG WAN HONG KONG",11100,0.00,2025-11-12T10:19:25.016Z
2025/11/08,00700,"TENCENT HOLDINGS LIMITED -HKD TRADED SHARES",B02106,"HOLLY INTERNATIONAL FINANCIAL HOLDINGS","FLAT/RM 03-5 20/F JUBILEE CENTRE 46 GLOUCESTER ROAD WANCHAI HONG KONG",11000,0.00,2025-11-12T10:19:25.016Z
2025/11/08,00700,"TENCENT HOLDINGS LIMITED -HKD TRADED SHARES",B01343,"CELETIO INVESTMENTS LTD","ROOM 2202-3 22/F CHINA INSURANCE GROUP BUILDING 141 DES VOEUX ROAD CENTRAL HONG KONG",10800,0.00,2025-11-12T10:19:25.016Z
2025/11/08,00700,"TENCENT HOLDINGS LIMITED -HKD TRADED SHARES",B02003,"DONGXING SECURITIES (HONG KONG) CO LTD","UNIT NOS 7503B-7504 75/F INTERNATIONAL COMMERCE CENTRE 1 AUSTIN ROAD WEST KOWLOON",10400,0.00,2025-11-12T10:19:25.016Z
2025/11/08,00700,"TENCENT HOLDINGS LIMITED -HKD TRADED SHARES",B01290,"SPS SECURITIES LTD","2/F PINNACLE BUILDING 9 SHIP STREET WANCHAI HONG KONG",10180,0.00,2025-11-12T10:19:25.016Z
2025/11/08,00700,"TENCENT HOLDINGS LIMITED -HKD TRADED SHARES",B01788,"SUNRISE SECURITIES LTD","RM 701-702 YUE SHING COMMERCIAL BUILDING 15 QUEEN VICTORIA STREET CENTRAL HONG KONG",10000,0.00,2025-11-12T10:19:25.016Z
2025/11/08,00700,"TENCENT HOLDINGS LIMITED -HKD TRADED SHARES",B01483,"BULLISH SECURITIES LTD","RM B 7/F HILLIER COMMERCIAL BUILDING 89 WING LOK ST EAST CENTRAL HONG KONG",9600,0.00,2025-11-12T10:19:25.016Z
2025/11/08,00700,"TENCENT HOLDINGS LIMITED -HKD TRADED SHARES",B01705,"HENIK SECURITIES LTD","UNIT 901 9/F WORKINGTON TOWER 78 BONHAM STRAND SHEUNG WAN HONG KONG",9600,0.00,2025-11-12T10:19:25.016Z
2025/11/08,00700,"TENCENT HOLDINGS LIMITED -HKD TRADED SHARES",B01341,"TUNG TAI SECURITIES CO LTD","ROOM 2501 25/F TOWER 1 LIPPO CENTRE 89 QUEENSWAY ADMIRALTY HONG KONG",9500,0.00,2025-11-12T10:19:25.016Z
2025/11/08,00700,"TENCENT HOLDINGS LIMITED -HKD TRADED SHARES",B01981,"BLUESTONE SECURITIES (HK) CO LTD","ROOM 1701-2 17TH FLOOR STAR HOUSE NO3 SALISBURY ROAD TSIM SHA TSUI KOWLOON",9500,0.00,2025-11-12T10:19:25.016Z
2025/11/08,00700,"TENCENT HOLDINGS LIMITED -HKD TRADED SHARES",B02214,"WINBULL SECURITIES INTERNATIONAL (HONG","ROOMS 2202-3 22/F JUBILEE CENTRE 18 FENWICK STREET WAN CHAI HONG KONG",9300,0.00,2025-11-12T10:19:25.016Z
2025/11/08,00700,"TENCENT HOLDINGS LIMITED -HKD TRADED SHARES",B01469,"KAISER SECURITIES LTD","3102-05 SHUN TAK WEST TOWER 168-200 CONNAUGHT ROAD CENTRAL SHEUNG WAN HONG KONG",9000,0.00,2025-11-12T10:19:25.016Z
2025/11/08,00700,"TENCENT HOLDINGS LIMITED -HKD TRADED SHARES",B01998,"CHINA SUNRISE SECURITIES (INTL) LTD","UNIT 1501 & 1503 15/F YF LIFE CENTRE 38 GLOUCESTER ROAD WAN CHAI HONG KONG",9000,0.00,2025-11-12T10:19:25.016Z
2025/11/08,00700,"TENCENT HOLDINGS LIMITED -HKD TRADED SHARES",B01416,"VC BROKERAGE LTD","6/F CENTRE POINT 181-185 GLOUCESTER ROAD WANCHAI HONG KONG",8900,0.00,2025-11-12T10:19:25.016Z
2025/11/08,00700,"TENCENT HOLDINGS LIMITED -HKD TRADED SHARES",B01615,"KAM FAI SECURITIES CO LTD","21/F CHAMPION BUILDING 287-291 DES VOEUX ROAD CENTRAL HONG KONG",8700,0.00,2025-11-12T10:19:25.016Z
2025/11/08,00700,"TENCENT HOLDINGS LIMITED -HKD TRADED SHARES",B01563,"XINKONG INTERNATIONAL SECURITIES LTD","15/F EAST WING CHINA HUARONG TOWER 60 GLOUCESTER ROAD WAN CHAI HONG KONG",8500,0.00,2025-11-12T10:19:25.016Z
2025/11/08,00700,"TENCENT HOLDINGS LIMITED -HKD TRADED SHARES",B01481,"NEW REGION SECURITIES CO LTD","2907-2909,2912,2914 WING ON HOUSE 71 DES VOEUX ROAD CENTRAL CENTRAL HONG KONG",8219,0.00,2025-11-12T10:19:25.016Z
2025/11/08,00700,"TENCENT HOLDINGS LIMITED -HKD TRADED SHARES",B01447,"BETA INTERNATIONAL SECURITIES LIMITED","ROOM 3326 33/F CHINA MERCHANTS TOWER SHUN TAK CENTRE 168-200 CONNAUGHT RD CENTRAL SHEUNG WAN HONG KONG",8100,0.00,2025-11-12T10:19:25.016Z
2025/11/08,00700,"TENCENT HOLDINGS LIMITED -HKD TRADED SHARES",B01863,"WESTOCK SECURITIES INTERNATIONAL (HK)","FLAT 9-10A 10/F WING TUCK COMMERCIAL CENTRE 177-183 WING LOK STREET SHEUNG WAN HONG KONG",7900,0.00,2025-11-12T10:19:25.016Z
2025/11/08,00700,"TENCENT HOLDINGS LIMITED -HKD TRADED SHARES",C00099,"TAISHIN INTERNATIONAL BANK CO., LTD","6/F SUN LIFE TOWER THE GATEWAY 15 CANTON ROAD TSIMSHATSUI KOWLOON",7822,0.00,2025-11-12T10:19:25.016Z
2025/11/08,00700,"TENCENT HOLDINGS LIMITED -HKD TRADED SHARES",B01427,"TSE'S SECURITIES LTD","ROOM 910-911 9/F COSCO TOWER 183 QUEEN'S ROAD CENTRAL SHEUNG WAN HONG KONG",7500,0.00,2025-11-12T10:19:25.016Z
2025/11/08,00700,"TENCENT HOLDINGS LIMITED -HKD TRADED SHARES",B02028,"SORRENTO SECURITIES LTD","ROOM 1208 12/F WING ON CENTRE 111 CONNAUGHT ROAD CENTRAL SHEUNG WAN HONG KONG",7500,0.00,2025-11-12T10:19:25.016Z
2025/11/08,00700,"TENCENT HOLDINGS LIMITED -HKD TRADED SHARES",B01240,"TSUN CHI YUEN SECURITIES CO LTD","20/F MAN ON COMM BLDG 12 JUBILEE ST CENTRAL HONG KONG",7433,0.00,2025-11-12T10:19:25.016Z
2025/11/08,00700,"TENCENT HOLDINGS LIMITED -HKD TRADED SHARES",B02093,"UPMAX SECURITIES LTD","RM 1717 CHINA MERCHANTS TOWER SHUN TAK CENTRE 168 CONNAUGHT ROAD CENTRAL SHEUNG WAN HONG KONG",7404,0.00,2025-11-12T10:19:25.016Z
2025/11/08,00700,"TENCENT HOLDINGS LIMITED -HKD TRADED SHARES",B01386,"SBI CHINA CAPITAL FINANCIAL SERVICES LTD","4/F HENLEY BUILDING 5 QUEEN'S ROAD CENTRAL HONG KONG",7300,0.00,2025-11-12T10:19:25.016Z
2025/11/08,00700,"TENCENT HOLDINGS LIMITED -HKD TRADED SHARES",B01724,"RAMON INVESTMENT CO LTD","RM 201-5 2/F KOWLOON CENTRE 29-39 ASHLEY ROAD KOWLOON",7300,0.00,2025-11-12T10:19:25.016Z
2025/11/08,00700,"TENCENT HOLDINGS LIMITED -HKD TRADED SHARES",B01320,"LUEN FAT SECURITIES CO LTD","UNITS 603-605 6/F FWD FINANCIAL CENTRE 308 DES VOEUX ROAD CENTRAL SHEUNG WAN HONG KONG",7100,0.00,2025-11-12T10:19:25.016Z
2025/11/08,00700,"TENCENT HOLDINGS LIMITED -HKD TRADED SHARES",B02075,"INNOVAX SECURITIES LTD","UNIT A-C 20/F NEICH TOWER 128 GLOUCESTER ROAD WANCHAI HONG KONG",6800,0.00,2025-11-12T10:19:25.016Z
2025/11/08,00700,"TENCENT HOLDINGS LIMITED -HKD TRADED SHARES",B01505,"SHACOM SECURITIES LTD","RM 303 HOUSTON CENTRE 63 MODY ROAD TSIMSHATSUI EAST KOWLOON",6600,0.00,2025-11-12T10:19:25.016Z
2025/11/08,00700,"TENCENT HOLDINGS LIMITED -HKD TRADED SHARES",B01741,"SINOMAX SECURITIES LTD","28/F SHUN FENG INTERNATIONAL CENTRE NO.182 QUEEN'S ROAD EAST WAN CHAI HONG KONG",6600,0.00,2025-11-12T10:19:25.016Z
2025/11/08,00700,"TENCENT HOLDINGS LIMITED -HKD TRADED SHARES",B02052,"SUNHIGH FINANCIAL HOLDINGS LTD","UNIT 2107 21/F THE CENTER 99 QUEEN'S ROAD CENTRAL CENTRAL HONG KONG",6500,0.00,2025-11-12T10:19:25.016Z
2025/11/08,00700,"TENCENT HOLDINGS LIMITED -HKD TRADED SHARES",B01294,"CS WEALTH SECURITIES LTD","RM 3206 32/F CHINA RESOURCES BUILDING 26 HARBOUR ROAD WANCHAI HONG KONG",6400,0.00,2025-11-12T10:19:25.016Z
2025/11/08,00700,"TENCENT HOLDINGS LIMITED -HKD TRADED SHARES",B01685,"ARK SECURITIES (HONG KONG) LTD","ROOM 1901 19/F EMPEROR GROUP CENTRE 288 HENNESSY ROAD WAN CHAI HONG KONG",6400,0.00,2025-11-12T10:19:25.016Z
2025/11/08,00700,"TENCENT HOLDINGS LIMITED -HKD TRADED SHARES",B01277,"BRADBURY SECURITIES LTD","SUITES 3606-08 36/F 8 FINANCE STREET TWO INTERNATIONAL FINANCE CENTRE CENTRAL HONG KONG",6100,0.00,2025-11-12T10:19:25.016Z
2025/11/08,00700,"TENCENT HOLDINGS LIMITED -HKD TRADED SHARES",B02070,"UZEN SECURITIES LTD","8/F EC HEALTHCARE TOWER (CENTRAL) 19-20 CONNAUGHT ROAD CENTRAL CENTRAL HONG KONG",6000,0.00,2025-11-12T10:19:25.016Z
2025/11/08,00700,"TENCENT HOLDINGS LIMITED -HKD TRADED SHARES",B02116,"MOUETTE SECURITIES CO LTD","ROOM 4024-4033 40/F SUN HUNG KAI CENTRE 30 HARBOUR ROAD WANCHAI HONG KONG",5900,0.00,2025-11-12T10:19:25.016Z
2025/11/08,00700,"TENCENT HOLDINGS LIMITED -HKD TRADED SHARES",B02023,"DONGHAI INTERNATIONAL SECURITIES","20/F SHANGHAI COMMERCIAL BANK TOWER 12 QUEEN'S ROAD CENTRAL HONG KONG",5800,0.00,2025-11-12T10:19:25.016Z
2025/11/08,00700,"TENCENT HOLDINGS LIMITED -HKD TRADED SHARES",B01769,"ONE CHINA SECURITIES LTD","2/F CHEONG K. BUILDING 84-86 DES VOEUX ROAD CENTRAL HONG KONG",5741,0.00,2025-11-12T10:19:25.016Z
2025/11/08,00700,"TENCENT HOLDINGS LIMITED -HKD TRADED SHARES",B01444,"YUEXING SECURITIES COMPANY LTD","9/F THE WORKSTATION 43 LYNDHURST TERRACE CENTRAL HONG KONG",5400,0.00,2025-11-12T10:19:25.016Z
2025/11/08,00700,"TENCENT HOLDINGS LIMITED -HKD TRADED SHARES",B01680,"SUCCESS SECURITIES LTD","UNITS 1001A & 04B 10/F TOWER 1 ADMIRALTY CENTRE 18 HARCOURT ROAD HONG KONG",5300,0.00,2025-11-12T10:19:25.016Z
2025/11/08,00700,"TENCENT HOLDINGS LIMITED -HKD TRADED SHARES",B01141,"FE SECURITIES LTD","ROOM 2101 21/F 28 HENNESSY ROAD HONG KONG",5200,0.00,2025-11-12T10:19:25.016Z
2025/11/08,00700,"TENCENT HOLDINGS LIMITED -HKD TRADED SHARES",B02167,"SDG SECURITIES (HK) LTD","ROOMS 4003-05 40/F CHINA RESOURCES BUILDING 26 HARBOUR ROAD WAN CHAI HONG KONG",5200,0.00,2025-11-12T10:19:25.016Z
2025/11/08,00700,"TENCENT HOLDINGS LIMITED -HKD TRADED SHARES",B01982,"CENTRAL CHINA INTERNATIONAL SECURITIES","ROOM 1304 13/F ADMIRALTY CENTRE TOWER 1 18 HARCOURT ROAD ADMIRALTY HONG KONG",5080,0.00,2025-11-12T10:19:25.016Z
2025/11/08,00700,"TENCENT HOLDINGS LIMITED -HKD TRADED SHARES",B01677,"ANUENUE SECURITIES LTD","28/F GUANGDONG TOURS CENTER 18 PENNINGTON STREET CAUSEWAY BAY HONG KONG",5000,0.00,2025-11-12T10:19:25.016Z
2025/11/08,00700,"TENCENT HOLDINGS LIMITED -HKD TRADED SHARES",B01919,"TIGER SECURITIES ASSET MANAGEMENT CO LTD","RM B3 29/F TML TOWER 3 HOI SHING ROAD TSUEN WAN NEW TERRITORIES",4900,0.00,2025-11-12T10:19:25.016Z
2025/11/08,00700,"TENCENT HOLDINGS LIMITED -HKD TRADED SHARES",B01976,"FRONTIER CAPITAL MANAGEMENT LTD","UNITS 3201-3203 32/F BANK OF AMERICA TOWER 12 HARCOURT ROAD CENTRAL HONG KONG",4900,0.00,2025-11-12T10:19:25.016Z
2025/11/08,00700,"TENCENT HOLDINGS LIMITED -HKD TRADED SHARES",B02125,"CHINA YINSHENG INTERNATIONAL SECURITIES","6/F 9 DES VOEUX ROAD WEST SHEUNG WAN HONG KONG",4900,0.00,2025-11-12T10:19:25.016Z
2025/11/08,00700,"TENCENT HOLDINGS LIMITED -HKD TRADED SHARES",B01868,"JIMEI SECURITIES LTD","RM 1305-1306 13/F JUBILEE CENTRE 18 FENWICK STREET / 46 GLOUCESTER ROAD WANCHAI HONG KONG",4800,0.00,2025-11-12T10:19:25.016Z
2025/11/08,00700,"TENCENT HOLDINGS LIMITED -HKD TRADED SHARES",B01906,"IMPERIUM INTERNATIONAL SECURITIES LTD","RM 2603A 26/F ONE HARBOUR SQUARE 181 HOI BUN ROAD KWUN TONG KOWLOON",4600,0.00,2025-11-12T10:19:25.016Z
2025/11/08,00700,"TENCENT HOLDINGS LIMITED -HKD TRADED SHARES",B01912,"THE CORE SECURITIES COMPANY LTD","SUITE C 20/F STANDARD CHARTERED BANK BUILDING 4-4A DES VOEUX ROAD CENTRAL CENTRAL HONG KONG",4600,0.00,2025-11-12T10:19:25.016Z
2025/11/08,00700,"TENCENT HOLDINGS LIMITED -HKD TRADED SHARES",B01974,"ARISTO SECURITIES LTD","ROOM B 11/F GOLDEN STAR BUILDING 22 LOCKHART ROAD WANCHAI HONG KONG",4305,0.00,2025-11-12T10:19:25.016Z
2025/11/08,00700,"TENCENT HOLDINGS LIMITED -HKD TRADED SHARES",B02073,"SOLOMON JFZ (ASIA) HOLDINGS LTD","ROOM 1910-1912A TOWER 3 CHINA HONG KONG CITY 33 CANTON ROAD TSIM SHA TSUI KOWLOON",4300,0.00,2025-11-12T10:19:25.016Z
2025/11/08,00700,"TENCENT HOLDINGS LIMITED -HKD TRADED SHARES",B01789,"HO FUNG SHARES INVESTMENT LTD","OFFICE B 11/F HING LUNG COMMERCIAL BUILDING 68 BONHAM STRAND EAST SHEUNG WAN HONG KONG",4273,0.00,2025-11-12T10:19:25.016Z
2025/11/08,00700,"TENCENT HOLDINGS LIMITED -HKD TRADED SHARES",B01995,"GARY CHENG SECURITIES LTD","ROOM 1201 12/F ELITE CENTRE 22 HUNG TO ROAD KWUN TONG KOWLOON",4200,0.00,2025-11-12T10:19:25.016Z
2025/11/08,00700,"TENCENT HOLDINGS LIMITED -HKD TRADED SHARES",B01525,"KEE CHEONG SECURITIES CO LTD","ROOM 2002 20/F WIN CENTURY CENTRE 2A MONGKOK ROAD MONGKOK KOWLOON",4100,0.00,2025-11-12T10:19:25.016Z
2025/11/08,00700,"TENCENT HOLDINGS LIMITED -HKD TRADED SHARES",B01660,"GRANSING SECURITIES CO., LIMITED","UNIT 802 8/F WORLD-WIDE HOUSE 19 DES VOEUX ROAD CENTRAL CENTRAL HONG KONG",4100,0.00,2025-11-12T10:19:25.016Z
2025/11/08,00700,"TENCENT HOLDINGS LIMITED -HKD TRADED SHARES",B01918,"REALORD ASIA PACIFIC SECURITIES LTD","SUITE 2402 24/F JARDINE HOUSE 1 CONNAUGHT PLACE CENTRAL HONG KONG",4100,0.00,2025-11-12T10:19:25.016Z
2025/11/08,00700,"TENCENT HOLDINGS LIMITED -HKD TRADED SHARES",C00108,"CHINA MINSHENG BANKING CORP., LTD.","FLAT 3701-3702, 3712-3716 & 40/F TWO INTERNATIONAL FINANCE CENTRE 8 FINANCE STREET CENTRAL HONG KONG",4100,0.00,2025-11-12T10:19:25.016Z
2025/11/08,00700,"TENCENT HOLDINGS LIMITED -HKD TRADED SHARES",B02065,"FORTUNE ORIGIN SECURITIES LTD","ROOM 404-405 NAN FUNG TOWER 88 CONNAUGHT ROAD CENTRAL CENTRAL HONG KONG",3800,0.00,2025-11-12T10:19:25.016Z
2025/11/08,00700,"TENCENT HOLDINGS LIMITED -HKD TRADED SHARES",B02185,"KOREA INVESTMENT & SECURITIES ASIA LTD","SUITES 3716-3719 JARDINE HOUSE 1 CONNAUGHT PLACE CENTRAL HONG KONG",3800,0.00,2025-11-12T10:19:25.016Z
2025/11/08,00700,"TENCENT HOLDINGS LIMITED -HKD TRADED SHARES",B02212,"HUAAN SECURITIES (HONG KONG) BROKERAGE","8/F LI PO CHUN CHAMBERS 189 DES VOEUX ROAD CENTRAL  HONG KONG",3800,0.00,2025-11-12T10:19:25.016Z
2025/11/08,00700,"TENCENT HOLDINGS LIMITED -HKD TRADED SHARES",B01080,"VMS SECURITIES LTD","28/F VIVA PLACE 36 HEUNG YIP ROAD WONG CHUK HANG HONG KONG",3700,0.00,2025-11-12T10:19:25.016Z
2025/11/08,00700,"TENCENT HOLDINGS LIMITED -HKD TRADED SHARES",B01694,"MINERVA HOLDING FINANCIAL SECURITIES LTD","UNIT 1804C 18/F FAR EAST FINANCE CENTRE 16 HARCOURT ROAD HONG KONG",3700,0.00,2025-11-12T10:19:25.016Z
2025/11/08,00700,"TENCENT HOLDINGS LIMITED -HKD TRADED SHARES",B02020,"WEALTH LINK SECURITIES LTD","SUITE 1008A 10/F OCEAN CENTRE HARBOUR CITY 5 CANTON ROAD TSIM SHA TSUI KOWLOON",3400,0.00,2025-11-12T10:19:25.016Z
2025/11/08,00700,"TENCENT HOLDINGS LIMITED -HKD TRADED SHARES",B01608,"OPEN SECURITIES LTD","ROOM 08-09 32/F TOWER 6 THE GATEWAY 9 CANTON ROAD TSIM SHA TSUI KOWLOON",3300,0.00,2025-11-12T10:19:25.016Z
2025/11/08,00700,"TENCENT HOLDINGS LIMITED -HKD TRADED SHARES",B02046,"CHINA ZHONG HENG FINANCE GROUP LTD","UNIT 05 9/F BEVERLY HOUSE 93-107 LOCKHART ROAD WAN CHAI HONG KONG",3200,0.00,2025-11-12T10:19:25.016Z
2025/11/08,00700,"TENCENT HOLDINGS LIMITED -HKD TRADED SHARES",B01754,"ASIA PACIFIC SECURITIES LTD","16/F CMA BUILDING 64-66 CONNAUGHT ROAD CENTRAL HONG KONG",3100,0.00,2025-11-12T10:19:25.016Z
2025/11/08,00700,"TENCENT HOLDINGS LIMITED -HKD TRADED SHARES",B02081,"FIRST FIDELITY CAPITAL (INTERNATIONAL)","36/F TIMES TOWER 393 JAFFE ROAD WANCHAI HONG KONG",3000,0.00,2025-11-12T10:19:25.016Z
2025/11/08,00700,"TENCENT HOLDINGS LIMITED -HKD TRADED SHARES",B02128,"SILVERBRICKS SECURITIES CO LTD","ROOM 1601-07 16/F NAN FUNG TOWER 88 CONNAUGHT ROAD CENTRAL CENTRAL HONG KONG",3000,0.00,2025-11-12T10:19:25.016Z
2025/11/08,00700,"TENCENT HOLDINGS LIMITED -HKD TRADED SHARES",B01665,"WINSOME STOCK CO LTD","TOP FLOOR WING SHUN BUILDING 64-66 BONHAM STRAND WEST HONG KONG",2900,0.00,2025-11-12T10:19:25.016Z
2025/11/08,00700,"TENCENT HOLDINGS LIMITED -HKD TRADED SHARES",B02061,"GRAND PARTNERS SECURITIES LTD","ROOM 3402 34/F CHINA RESOURCES BUILDING 26 HARBOUR ROAD WANCHAI HONG KONG",2800,0.00,2025-11-12T10:19:25.016Z
2025/11/08,00700,"TENCENT HOLDINGS LIMITED -HKD TRADED SHARES",B01248,"KWAN YICK SECURITIES (INTERNATIONAL) LTD","FLAT B, C & E 3/F HO LEE COMMERCIAL BUILDING 38-44 D'AGUILAR STREET CENTRAL HONG KONG",2700,0.00,2025-11-12T10:19:25.016Z
2025/11/08,00700,"TENCENT HOLDINGS LIMITED -HKD TRADED SHARES",B01716,"ORIENT SECURITIES LTD","RM 2204 22/F NEW WORLD TOWER 1 16-18 QUEEN'S ROAD CENTRAL CENTRAL HONG KONG",2700,0.00,2025-11-12T10:19:25.016Z
2025/11/08,00700,"TENCENT HOLDINGS LIMITED -HKD TRADED SHARES",B01927,"KINGKEY SECURITIES GROUP LTD","13/F NO.88 LOCKHART ROAD WANCHAI  HONG KONG",2700,0.00,2025-11-12T10:19:25.016Z
2025/11/08,00700,"TENCENT HOLDINGS LIMITED -HKD TRADED SHARES",B01389,"ZHONGRONG PT SECURITIES LTD","ROOM 3505-10 35/F TOWER 5 THE GATEWAY 15 CANTON ROAD TSIM SHA TSUI KOWLOON",2600,0.00,2025-11-12T10:19:25.016Z
2025/11/08,00700,"TENCENT HOLDINGS LIMITED -HKD TRADED SHARES",B01784,"FU YIP SECURITIES AND INVESTMENT CO LTD","UNIT 6A01 6/F WAH KIT COMMERCIAL CENTRE 302 DES VOEUX RD CENTRAL SHEUNG WAN HONG KONG",2600,0.00,2025-11-12T10:19:25.016Z
2025/11/08,00700,"TENCENT HOLDINGS LIMITED -HKD TRADED SHARES",B02134,"HOPE SECURITIES LTD","ROOM 2805 28/F CHINA UNITED CENTRE 28 MARBLE ROAD NORTH POINT HONG KONG",2600,0.00,2025-11-12T10:19:25.016Z
2025/11/08,00700,"TENCENT HOLDINGS LIMITED -HKD TRADED SHARES",B01571,"KARFORD SECURITIES LTD","FLAT D 7/F MAN LOK BUILDING 89-93 BONHAM STRAND EAST HONG KONG",2400,0.00,2025-11-12T10:19:25.016Z
2025/11/08,00700,"TENCENT HOLDINGS LIMITED -HKD TRADED SHARES",B01756,"CHINA SKY SECURITIES LTD","UNIT 2302-03 23/F WEST TOWER SHUN TAK CENTRE 200 CONNAUGHT ROAD CENTRAL HONG KONG",2400,0.00,2025-11-12T10:19:25.016Z
2025/11/08,00700,"TENCENT HOLDINGS LIMITED -HKD TRADED SHARES",B02067,"LIGHTHOUSE CAPITAL (HK) FINANCIAL LTD","UNITS 1801-2 18/F HOLLYWOOD CENTRE 233 HOLLYWOOD ROAD SHEUNG WAN HONG KONG",2400,0.00,2025-11-12T10:19:25.016Z
2025/11/08,00700,"TENCENT HOLDINGS LIMITED -HKD TRADED SHARES",B01751,"IMAGI BROKERAGE LTD","SUITE 2210-11 22/F CHINA UNITED CENTRE 28 MARBLE ROAD NORTH POINT HONG KONG",2200,0.00,2025-11-12T10:19:25.016Z
2025/11/08,00700,"TENCENT HOLDINGS LIMITED -HKD TRADED SHARES",B01910,"FTFT INTERNATIONAL SECURITIES AND","UNITS 02B-03A 23/F SINO PLAZA 256-257 GLOUCESTER ROAD CAUSEWAY BAY HONG KONG",2200,0.00,2025-11-12T10:19:25.016Z
2025/11/08,00700,"TENCENT HOLDINGS LIMITED -HKD TRADED SHARES",B02153,"WE SECURITIES LTD","26/F OVEST 77 WING LOK STREET SHEUNG WAN HONG KONG",2200,0.00,2025-11-12T10:19:25.016Z
2025/11/08,00700,"TENCENT HOLDINGS LIMITED -HKD TRADED SHARES",B01852,"ARTA GLOBAL MARKETS LTD","UNIT 901-02 9/F K11 ATELIER KING'S ROAD 728 KING'S ROAD QUARRY BAY HONG KONG",2105,0.00,2025-11-12T10:19:25.016Z
2025/11/08,00700,"TENCENT HOLDINGS LIMITED -HKD TRADED SHARES",B01743,"CEPA ALLIANCE SECURITIES LTD","FLAT B 7/F 208 QUEEN'S ROAD CENTRAL CENTRAL HONG KONG",2100,0.00,2025-11-12T10:19:25.016Z
2025/11/08,00700,"TENCENT HOLDINGS LIMITED -HKD TRADED SHARES",B02138,"TIGER FAITH SECURITIES LTD","ROOM 3505 35/F TOWER 1 LIPPO CENTRE 89 QUEENSWAY ADMIRALTY HONG KONG",2100,0.00,2025-11-12T10:19:25.016Z
2025/11/08,00700,"TENCENT HOLDINGS LIMITED -HKD TRADED SHARES",B01538,"MORTON SECURITIES LTD","RM 1804-1805 18/F ALLIED KAJIMA BUILDING 138 GLOUCESTER ROAD WANCHAI HONG KONG",2000,0.00,2025-11-12T10:19:25.016Z
2025/11/08,00700,"TENCENT HOLDINGS LIMITED -HKD TRADED SHARES",B01661,"HERMES SECURITIES LTD","ROOM 2117 CHINA MERCHANTS TOWER SHUN TAK CENTRE 168-200 CONNAUGHT ROAD CENTRAL HONG KONG",2000,0.00,2025-11-12T10:19:25.016Z
2025/11/08,00700,"TENCENT HOLDINGS LIMITED -HKD TRADED SHARES",B01759,"WINLAND WEALTH MANAGEMENT LTD","RM 1901 SOUTH CHINA BUILDING 3 WYNDHAM STREET CENTRAL HONG KONG",2000,0.00,2025-11-12T10:19:25.016Z
2025/11/08,00700,"TENCENT HOLDINGS LIMITED -HKD TRADED SHARES",B02060,"LEGO SECURITIES LTD","ROOM 1506 15/F WHEELOCK HOUSE 20 PEDDER STREET CENTRAL HONG KONG",2000,0.00,2025-11-12T10:19:25.016Z
2025/11/08,00700,"TENCENT HOLDINGS LIMITED -HKD TRADED SHARES",B02158,"DT SECURITIES & FUTURES CO. LTD","RM 2312 23/F COSCO TOWER 183 QUEEN'S ROAD CENTRAL  HONG KONG",2000,0.00,2025-11-12T10:19:25.016Z
2025/11/08,00700,"TENCENT HOLDINGS LIMITED -HKD TRADED SHARES",B02193,"PATRONS SECURITIES LTD","UNIT 3214 32/F COSCO TOWER 183 QUEEN'S ROAD CENTRAL SHEUNG WAN HONG KONG",2000,0.00,2025-11-12T10:19:25.016Z
2025/11/08,00700,"TENCENT HOLDINGS LIMITED -HKD TRADED SHARES",B01310,"TUNG TAK SECURITIES (H.K.) CO LTD","G/F 169 TAI NAM ST SHAMSHUIPO KOWLOON",1900,0.00,2025-11-12T10:19:25.016Z
2025/11/08,00700,"TENCENT HOLDINGS LIMITED -HKD TRADED SHARES",B02019,"GEO SECURITIES LTD","24/F STANDARD CHARTERED BANK BUILDING 4-4A DES VOEUX ROAD CENTRAL CENTRAL HONG KONG",1900,0.00,2025-11-12T10:19:25.016Z
2025/11/08,00700,"TENCENT HOLDINGS LIMITED -HKD TRADED SHARES",B02014,"YUET SHEUNG INTERNATIONAL SECURITIES LTD","ROOM 2704 WEST TOWER SHUN TAK CENTRE 168-200 CONNAUGHT ROAD CENTRAL SHEUNG WAN HONG KONG",1800,0.00,2025-11-12T10:19:25.016Z
2025/11/08,00700,"TENCENT HOLDINGS LIMITED -HKD TRADED SHARES",B02016,"GOLDHORSE SECURITIES LTD","UNIT 4308 43/F COSCO TOWER 183 QUEEN'S ROAD CENTRAL CENTRAL HONG KONG",1800,0.00,2025-11-12T10:19:25.016Z
2025/11/08,00700,"TENCENT HOLDINGS LIMITED -HKD TRADED SHARES",B02068,"CANFIELD SECURITIES CO LTD","ROOM 2202 22/F FAR EAST FINANCE CENTER 16 HARCOURT ROAD HONG KONG",1800,0.00,2025-11-12T10:19:25.016Z
2025/11/08,00700,"TENCENT HOLDINGS LIMITED -HKD TRADED SHARES",B02180,"PLUTUS SECURITIES LTD","8/F 80 GLOUCESTER ROAD WANCHAI HONG KONG",1800,0.00,2025-11-12T10:19:25.016Z
2025/11/08,00700,"TENCENT HOLDINGS LIMITED -HKD TRADED SHARES",B02221,"AACAT FINTECH LTD","ROOMS 1901-02 19/F AXA TOWER LANDMARK EAST 100 HOW MING STREET KWUN TONG KOWLOON",1800,0.00,2025-11-12T10:19:25.016Z
2025/11/08,00700,"TENCENT HOLDINGS LIMITED -HKD TRADED SHARES",B01664,"ROOFER SECURITIES LTD","UNIT 25B01 25/F FAR EAST FINANCE CENTER 16 HARCOURT ROAD ADMIRATLY HONG KONG",1700,0.00,2025-11-12T10:19:25.016Z
2025/11/08,00700,"TENCENT HOLDINGS LIMITED -HKD TRADED SHARES",B01857,"KAISA FINANCIAL GROUP CO LTD","30/F THE CENTER 99 QUEEN'S ROAD CENTRAL CENTRAL HONG KONG",1700,0.00,2025-11-12T10:19:25.016Z
2025/11/08,00700,"TENCENT HOLDINGS LIMITED -HKD TRADED SHARES",B02087,"GLOBAL MASTERMIND SECURITIES LTD","UNIT 1203 12/F WEST TOWER SHUN TAK CENTRE 168-200 CONNAUGHT ROAD CENTRAL HONG KONG",1700,0.00,2025-11-12T10:19:25.016Z
2025/11/08,00700,"TENCENT HOLDINGS LIMITED -HKD TRADED SHARES",B02179,"YAW KAI FINANCIAL GROUP LTD","UNIT 1605B-1606A 16/F TOWER A MANULIFE FINANCIAL CENTRE 223-231 WAI YIP STREET KWUN TONG KOWLOON",1600,0.00,2025-11-12T10:19:25.016Z
2025/11/08,00700,"TENCENT HOLDINGS LIMITED -HKD TRADED SHARES",B01328,"BAN HIN SECURITIES CO LTD","RM 901-2 LANSING HSE 41-47 QUEEN'S RD C CENTRAL HONG KONG",1500,0.00,2025-11-12T10:19:25.016Z
2025/11/08,00700,"TENCENT HOLDINGS LIMITED -HKD TRADED SHARES",B01767,"NEW GALA SECURITIES CO LTD","RM 1106 REGENT CENTRE 88 QUEEN'S ROAD CENTRAL HONG KONG",1500,0.00,2025-11-12T10:19:25.016Z
2025/11/08,00700,"TENCENT HOLDINGS LIMITED -HKD TRADED SHARES",B01783,"FREDDY CO LTD","RM 2102 21/F MELBOURNE PLAZA 33 QUEEN'S ROAD CENTRAL CENTRAL HONG KONG",1500,0.00,2025-11-12T10:19:25.016Z
2025/11/08,00700,"TENCENT HOLDINGS LIMITED -HKD TRADED SHARES",B02085,"JOY RICH SECURITIES INVESTMENT LTD","UNIT 16 22/F SEAPOWER TOWER CONCORDIA PLAZA 1 SCIENCE MUSEUM ROAD KOWLOON",1500,0.00,2025-11-12T10:19:25.016Z
2025/11/08,00700,"TENCENT HOLDINGS LIMITED -HKD TRADED SHARES",B02096,"AFG SECURITIES LTD","RM B 17/F FORTUNE HOUSE 61 CONNAUGHT ROAD CENTRAL CENTRAL HONG KONG",1500,0.00,2025-11-12T10:19:25.016Z
2025/11/08,00700,"TENCENT HOLDINGS LIMITED -HKD TRADED SHARES",B01231,"WINNER INTERNATIONAL SECURITIES LTD","10/F LEE KUM KEE CENTRAL 54-58 DES VOEUX ROAD CENTRAL  HONG KONG",1400,0.00,2025-11-12T10:19:25.016Z
2025/11/08,00700,"TENCENT HOLDINGS LIMITED -HKD TRADED SHARES",B01935,"MAGIC COMPASS SECURITIES LTD","UNIT 905 9/F CENTRAL PLAZA 18 HARBOUR ROAD WANCHAI HONG KONG",1400,0.00,2025-11-12T10:19:25.016Z
2025/11/08,00700,"TENCENT HOLDINGS LIMITED -HKD TRADED SHARES",B02004,"INNOVATION SECURITIES CO LTD","SUITE 709A ONE PACIFIC PLACE 88 QUEENSWAY ADMIRALTY HONG KONG",1400,0.00,2025-11-12T10:19:25.016Z
2025/11/08,00700,"TENCENT HOLDINGS LIMITED -HKD TRADED SHARES",B01988,"KOALA SECURITIES LTD","UNITS 1301-1302 13/F EVERBRIGHT CENTRE 108 GLOUCESTER ROAD WANCHAI HONG KONG",1300,0.00,2025-11-12T10:19:25.016Z
2025/11/08,00700,"TENCENT HOLDINGS LIMITED -HKD TRADED SHARES",B01914,"JEFFERIES HONG KONG LTD","26/F & SUITES 2710-12 TWO INTERNATIONAL FINANCE CENTRE 8 FINANCE STREET CENTRAL HONG KONG",1299,0.00,2025-11-12T10:19:25.016Z
2025/11/08,00700,"TENCENT HOLDINGS LIMITED -HKD TRADED SHARES",B01921,"GONG PING SECURITIES LTD","UNIT D 8/F TOWER B BILLION CENTRE 1 WANG KWONG ROAD KOWLOON BAY KOWLOON",1200,0.00,2025-11-12T10:19:25.016Z
2025/11/08,00700,"TENCENT HOLDINGS LIMITED -HKD TRADED SHARES",B02045,"AAA SECURITIES CO. LTD","SUITE 2202 22/F FU FAI COMMERCIAL CENTRE 27 HILLIER STREET SHEUNG WAN HONG KONG",1200,0.00,2025-11-12T10:19:25.016Z
2025/11/08,00700,"TENCENT HOLDINGS LIMITED -HKD TRADED SHARES",B01755,"T G SECURITIES LTD","SUITE 1409, 14/F, NORTH TOWER WORLD FINANCE CENTRE 19 CANTON ROAD, TST KOWLOON",1159,0.00,2025-11-12T10:19:25.016Z
2025/11/08,00700,"TENCENT HOLDINGS LIMITED -HKD TRADED SHARES",B02027,"LEADING SECURITIES COMPANY LTD","8/F PROSPERITY TOWER 39 QUEEN'S ROAD CENTRAL CENTRAL HONG KONG",1100,0.00,2025-11-12T10:19:25.016Z
2025/11/08,00700,"TENCENT HOLDINGS LIMITED -HKD TRADED SHARES",B02219,"TRADEGO MARKETS LIMITED","ROOM 3405 WEST TOWER SHUN TAK CENTRE 168-200 CONNAUGHT ROAD CENTRAL HONG KONG",1100,0.00,2025-11-12T10:19:25.016Z
2025/11/08,00700,"TENCENT HOLDINGS LIMITED -HKD TRADED SHARES",B01454,"HAO TIAN INTERNATIONAL SECURITIES LTD","ROOM 2510-2518 25/F SHUI ON CENTRE 6-8 HARBOUR ROAD WANCHAI HONG KONG",1000,0.00,2025-11-12T10:19:25.016Z
2025/11/08,00700,"TENCENT HOLDINGS LIMITED -HKD TRADED SHARES",B01907,"CHINA DEMETER SECURITIES LTD","UNIT A1 35/F UNITED CENTRE 95 QUEENSWAY ADMIRALTY HONG KONG",1000,0.00,2025-11-12T10:19:25.016Z
2025/11/08,00700,"TENCENT HOLDINGS LIMITED -HKD TRADED SHARES",C00083,"BANK CONSORTIUM TRUST CO LTD","18/F COSCO TOWER 183 QUEEN'S ROAD CENTRAL HONG KONG",1000,0.00,2025-11-12T10:19:25.016Z
2025/11/08,00700,"TENCENT HOLDINGS LIMITED -HKD TRADED SHARES",B01883,"CHINA RISE SECURITIES ASSET MANAGEMENT","10/F ISLAND PLACE TOWER 510 KING'S ROAD NORTH POINT HONG KONG",900,0.00,2025-11-12T10:19:25.016Z
2025/11/08,00700,"TENCENT HOLDINGS LIMITED -HKD TRADED SHARES",B02161,"EMPERIO SECURITIES AND ASSETS MANAGEMENT","28/F AT TOWER 180 ELECTRIC ROAD NORTH POINT HONG KONG",900,0.00,2025-11-12T10:19:25.016Z
2025/11/08,00700,"TENCENT HOLDINGS LIMITED -HKD TRADED SHARES",B01466,"DAOKOU SECURITIES LTD","UNIT 1406 14/F GREAT EAGLE CENTRE 23 HARBOUR ROAD WANCHAI HONG KONG",800,0.00,2025-11-12T10:19:25.016Z
2025/11/08,00700,"TENCENT HOLDINGS LIMITED -HKD TRADED SHARES",B01604,"WANHAI SECURITIES (HK) LTD","ROOM 4036-4039 40/F SUN HUNG KAI CENTRE 30 HARBOUR ROAD WAN CHAI HONG KONG",800,0.00,2025-11-12T10:19:25.016Z
2025/11/08,00700,"TENCENT HOLDINGS LIMITED -HKD TRADED SHARES",B01795,"RAFFAELLO SECURITIES (HK) LTD","1/F 166-168 DES VOEUX ROAD CENTRAL CENTRAL HONG KONG",800,0.00,2025-11-12T10:19:25.016Z
2025/11/08,00700,"TENCENT HOLDINGS LIMITED -HKD TRADED SHARES",B02009,"GOLDEN RICH SECURITIES LTD","2201B 22/F TOWER 1 CHINA HONG KONG CITY 33 CANTON ROAD TSIM SHA TSUI KOWLOON",700,0.00,2025-11-12T10:19:25.016Z
2025/11/08,00700,"TENCENT HOLDINGS LIMITED -HKD TRADED SHARES",B02011,"ZHONG YANG SECURITIES LTD","ROOM 1101 118 CONNAUGHT ROAD WEST HONG KONG",700,0.00,2025-11-12T10:19:25.016Z
2025/11/08,00700,"TENCENT HOLDINGS LIMITED -HKD TRADED SHARES",B02017,"WILSON SECURITIES LTD","UNIT 1005A-B & 1006A 10/F BANK OF AMERICA TOWER 12 HARCOURT ROAD ADMIRALTY HONG KONG",700,0.00,2025-11-12T10:19:25.016Z
2025/11/08,00700,"TENCENT HOLDINGS LIMITED -HKD TRADED SHARES",B01794,"INTERCONTINENT SECURITIES CO LTD","RM 1802 CAR PO COMMERCIAL BUILDING 37-43 POTTINGER STREET HONG KONG",600,0.00,2025-11-12T10:19:25.016Z
2025/11/08,00700,"TENCENT HOLDINGS LIMITED -HKD TRADED SHARES",B01923,"RUISEN PORT SECURITIES LTD","UNIT 1706 TOWER 1 CHINA HONG KONG CITY 33 CANTON ROAD TSIM SHA TSUI KOWLOON",600,0.00,2025-11-12T10:19:25.016Z
2025/11/08,00700,"TENCENT HOLDINGS LIMITED -HKD TRADED SHARES",B01934,"SELECT INVESTMENT SERVICES LTD","RM 1713B-1714 17/F HONG KONG PLAZA 188 CONNAUGHT ROAD WEST WESTERN DISTRICT HONG KONG",600,0.00,2025-11-12T10:19:25.016Z
2025/11/08,00700,"TENCENT HOLDINGS LIMITED -HKD TRADED SHARES",B02022,"CHAOSHANG SECURITIES LTD","ROOM 2206-2210 CHINA RESOURCES BUILDING 26 HARBOUR ROAD WANCHAI HONG KONG",600,0.00,2025-11-12T10:19:25.016Z
2025/11/08,00700,"TENCENT HOLDINGS LIMITED -HKD TRADED SHARES",B02140,"JQ SECURITIES (HONG KONG) LTD","UNIT 1601-3 TAI TUNG BUILDING 8 FLEMING ROAD WANCHAI HONG KONG",600,0.00,2025-11-12T10:19:25.016Z
2025/11/08,00700,"TENCENT HOLDINGS LIMITED -HKD TRADED SHARES",B01326,"KING SUN SECURITIES LTD","RM 3909-3910 39/F THE CENTRE 99 QUEEN'S ROAD CENTRAL CENTRAL HONG KONG",500,0.00,2025-11-12T10:19:25.016Z
2025/11/08,00700,"TENCENT HOLDINGS LIMITED -HKD TRADED SHARES",B01745,"GUOCHUANG SECURITIES FINANCIAL HOLDING","RM B-D 3/F SHING HING COMMERCIAL BUILDING 21-27 WING KUT STREET HONG KONG",500,0.00,2025-11-12T10:19:25.016Z
2025/11/08,00700,"TENCENT HOLDINGS LIMITED -HKD TRADED SHARES",B01821,"GETTA SECURITIES LTD","30/F CHINACHEM CENTURY TOWER 178 GLOUCESTER ROAD WANCHAI HONG KONG",500,0.00,2025-11-12T10:19:25.016Z
2025/11/08,00700,"TENCENT HOLDINGS LIMITED -HKD TRADED SHARES",B01922,"SUN SECURITIES LTD","RM 2104 21/F FAR EAST CONSORTIUM BUILDING 121 DES VOEUX ROAD CENTRAL HONG KONG",500,0.00,2025-11-12T10:19:25.016Z
2025/11/08,00700,"TENCENT HOLDINGS LIMITED -HKD TRADED SHARES",B02151,"SOLITON SECURITIES LTD","UNIT 1010 10/F COSCO TOWER GRAND MILLENNIUM PLAZA 183 QUEEN'S ROAD CENTRAL HONG KONG",500,0.00,2025-11-12T10:19:25.016Z
2025/11/08,00700,"TENCENT HOLDINGS LIMITED -HKD TRADED SHARES",B01318,"OKASAN INTERNATIONAL (ASIA) LTD","ROOMS 2605-7 26/F WING ON CENTRE 111 CONNAUGHT ROAD CENTRAL HONG KONG",400,0.00,2025-11-12T10:19:25.016Z
2025/11/08,00700,"TENCENT HOLDINGS LIMITED -HKD TRADED SHARES",B01977,"ZHONGCAI SECURITIES LTD","3/F & 6/F ZHONGCAI CENTRE 131 QUEEN'S ROAD CENTRAL CENTRAL HONG KONG",400,0.00,2025-11-12T10:19:25.016Z
2025/11/08,00700,"TENCENT HOLDINGS LIMITED -HKD TRADED SHARES",B02077,"CONRAD INVESTMENT SERVICES LTD","23/F TUNG HIP COMMERCIAL BUILDING 244-248 DES VOEUX ROAD CENTRAL SHEUNG WAN HONG KONG",400,0.00,2025-11-12T10:19:25.016Z
2025/11/08,00700,"TENCENT HOLDINGS LIMITED -HKD TRADED SHARES",B02213,"CITIC CFI SECURITIES COMPANY LTD","2312-2316 23/F CITIC TOWER 1 TIM MEI AVENUE, CENTRAL HONG KONG",400,0.00,2025-11-12T10:19:25.016Z
2025/11/08,00700,"TENCENT HOLDINGS LIMITED -HKD TRADED SHARES",B01527,"NITTAN SECURITIES ASIA LTD","SUITE 709 7/F JARDINE HOUSE 1 CONNAUGHT PLACE CENTRAL HONG KONG",300,0.00,2025-11-12T10:19:25.016Z
2025/11/08,00700,"TENCENT HOLDINGS LIMITED -HKD TRADED SHARES",B01627,"SDHG INTERNATIONAL SECURITIES LTD","38/F THE CENTER 99 QUEEN'S ROAD CENTRAL CENTRAL HONG KONG",300,0.00,2025-11-12T10:19:25.016Z
2025/11/08,00700,"TENCENT HOLDINGS LIMITED -HKD TRADED SHARES",B01720,"NORMAN KONG SECURITIES CO LTD","RM 504 MONGKOK COMMERCIAL CENTRE 16 ARGYLE STREET MONGKOK KOWLOON",300,0.00,2025-11-12T10:19:25.016Z
2025/11/08,00700,"TENCENT HOLDINGS LIMITED -HKD TRADED SHARES",B01997,"SUNCORP SECURITIES LTD","UNIT 2305 23/F THE CENTER 99 QUEENS ROAD CENTRAL HONG KONG",300,0.00,2025-11-12T10:19:25.016Z
2025/11/08,00700,"TENCENT HOLDINGS LIMITED -HKD TRADED SHARES",B02015,"VISION CAPITAL INTERNATIONAL HOLDINGS","SUITES 3607-09 ICBC TOWER THREE GARDEN ROAD CENTRAL HONG KONG",300,0.00,2025-11-12T10:19:25.016Z
2025/11/08,00700,"TENCENT HOLDINGS LIMITED -HKD TRADED SHARES",B02101,"ACER KING SECURITIES INTERNATIONAL LTD","41/F MONTERY PLAZA 15-17 CHONG YIP STREET KWUN TONG KOWLOON",300,0.00,2025-11-12T10:19:25.016Z
2025/11/08,00700,"TENCENT HOLDINGS LIMITED -HKD TRADED SHARES",B02123,"CHINA DIFI SECURITIES LTD","UNIT A 9/F CHINAWEAL CENTRE 414-424 JAFFE ROAD WAN CHAI HONG KONG",300,0.00,2025-11-12T10:19:25.016Z
2025/11/08,00700,"TENCENT HOLDINGS LIMITED -HKD TRADED SHARES",B02202,"JMC CAPITAL INTERNATIONAL LTD","23/F NEW WORLD TOWER TWO 16-18 QUEEN'S ROAD CENTRAL  HONG KONG",243,0.00,2025-11-12T10:19:25.016Z
2025/11/08,00700,"TENCENT HOLDINGS LIMITED -HKD TRADED SHARES",B01227,"HOORAY SECURITIES LTD","ROOM A & B2 11/F GUANGDONG INVESTMENT TOWER 148 CONNAUGHT ROAD CENTRAL SHEUNG WAN HONG KONG",200,0.00,2025-11-12T10:19:25.016Z
2025/11/08,00700,"TENCENT HOLDINGS LIMITED -HKD TRADED SHARES",B01630,"ANLI SECURITIES LTD","ROOM 2907 29/F WING ON CENTRE 111 CONNAUGHT ROAD CENTRAL SHEUNG WAN HONG KONG",200,0.00,2025-11-12T10:19:25.016Z
2025/11/08,00700,"TENCENT HOLDINGS LIMITED -HKD TRADED SHARES",B01633,"ENLIGHTEN SECURITIES LTD","ROOM 1106 11/F JUBILEE CENTRE 18 FENWICK STREET WANCHAI HONG KONG",200,0.00,2025-11-12T10:19:25.016Z
2025/11/08,00700,"TENCENT HOLDINGS LIMITED -HKD TRADED SHARES",B01972,"RICHES DEPOT SECURITIES CO LTD","RM A UNIT 1701 17/F 1 LYNDHURST TOWER 1 LYNDHURST TERRACE CENTRAL HONG KONG",200,0.00,2025-11-12T10:19:25.016Z
2025/11/08,00700,"TENCENT HOLDINGS LIMITED -HKD TRADED SHARES",B02119,"GAYANG SECURITIES LTD","SUITE 1605 16/F 9 QUEEN'S ROAD CENTRAL CENTRAL HONG KONG",200,0.00,2025-11-12T10:19:25.016Z
2025/11/08,00700,"TENCENT HOLDINGS LIMITED -HKD TRADED SHARES",B02139,"WELL LINK INTERNATIONAL SECURITIES LTD","UNIT 1113-15 11/F CHINA MERCHANTS TOWER SHUN TAK CENTRE 168-200 CONNAUGHT ROAD CENTRAL HONG KONG",200,0.00,2025-11-12T10:19:25.016Z
2025/11/08,00700,"TENCENT HOLDINGS LIMITED -HKD TRADED SHARES",B02155,"ADEN FINANCIAL GROUP LTD","14/F SHANGHAI COMMERCIAL BANK TOWER 12 QUEEN'S ROAD CENTRAL CENTRAL HONG KONG",200,0.00,2025-11-12T10:19:25.016Z
2025/11/08,00700,"TENCENT HOLDINGS LIMITED -HKD TRADED SHARES",B02162,"GAMMA SECURITIES LTD","SUITE 708 CHAMPION TOWER THREE GARDEN ROAD CENTRAL HONG KONG",200,0.00,2025-11-12T10:19:25.016Z
2025/11/08,00700,"TENCENT HOLDINGS LIMITED -HKD TRADED SHARES",B02165,"YUEN META (INTERNATIONAL) SECURITIES LTD","2601 26/F WAN CHAI CENTRAL BUILDING 89 LOCKHART ROAD WAN CHAI HONG KONG",200,0.00,2025-11-12T10:19:25.016Z
2025/11/08,00700,"TENCENT HOLDINGS LIMITED -HKD TRADED SHARES",B01500,"D.J. SECURITIES LTD","13/F D. J. BUILDING 173 HOI BUN ROAD KWUN TONG KOWLOON",100,0.00,2025-11-12T10:19:25.016Z
2025/11/08,00700,"TENCENT HOLDINGS LIMITED -HKD TRADED SHARES",B01619,"TUNG WUI SECURITIES CO LTD","RM 802-803 TUNG MING BUILDING 40-42 DES VOEUX ROAD CENTRAL CENTRAL HONG KONG",100,0.00,2025-11-12T10:19:25.016Z
2025/11/08,00700,"TENCENT HOLDINGS LIMITED -HKD TRADED SHARES",B01816,"CHEONG LEE SECURITIES LTD","UNIT B 16/F BANK OF EAST ASIA HARBOUR VIEW CENTRE 56 GLOUCESTER ROAD WANCHAI HONG KONG",100,0.00,2025-11-12T10:19:25.016Z
2025/11/08,00700,"TENCENT HOLDINGS LIMITED -HKD TRADED SHARES",B01920,"TIANDA SECURITIES LTD","SUITES 2401-2410 24/F CITIC TOWER 1 TIM MEI AVENUE CENTRAL HONG KONG",100,0.00,2025-11-12T10:19:25.016Z
2025/11/08,00700,"TENCENT HOLDINGS LIMITED -HKD TRADED SHARES",B02057,"FUNDE SECURITIES LTD","UNIT 2203 22/F TOWER 1 ADMIRALTY CENTRE 18 HARCOURT RD ADMIRALTY HONG KONG",100,0.00,2025-11-12T10:19:25.016Z
2025/11/08,00700,"TENCENT HOLDINGS LIMITED -HKD TRADED SHARES",B02092,"I WIN SECURITIES LTD","ROOM 3001-3002 30/F CHINA INSURANCE GROUP BUILDING 141 DES VOEUX ROAD CENTRAL HONG KONG",100,0.00,2025-11-12T10:19:25.016Z
2025/11/08,00700,"TENCENT HOLDINGS LIMITED -HKD TRADED SHARES",B02117,"FUTURE SECURITIES LTD","UNIT 2301 23/F 9 CHONG YIP STREET KWUN TONG KOWLOON",100,0.00,2025-11-12T10:19:25.016Z
2025/11/08,00700,"TENCENT HOLDINGS LIMITED -HKD TRADED SHARES",B02194,"HARMONIA CAPITAL LTD","UNIT 2505 25/F COSCO TOWER 183 QUEEN'S ROAD CENTRAL HONG KONG",100,0.00,2025-11-12T10:19:25.016Z
2025/11/08,00700,"TENCENT HOLDINGS LIMITED -HKD TRADED SHARES",B02208,"CN FIRST INTERNATIONAL FUTURES LTD","9/F HUA QIN INTERNATIONAL BUILDING 340 QUEEN'S ROAD CENTRAL SHEUNG WAN HONG KONG",100,0.00,2025-11-12T10:19:25.016Z
2025/11/08,00700,"TENCENT HOLDINGS LIMITED -HKD TRADED SHARES",B01824,"INSTINET PACIFIC LTD","31/F TWO INTERNATIONAL FINANCE CENTRE 8 FINANCE STREET CENTRAL HONG KONG",82,0.00,2025-11-12T10:19:25.016Z
2025/11/08,00700,"TENCENT HOLDINGS LIMITED -HKD TRADED SHARES",C00092,"CTBC BANK CO LTD","28/F TWO INTERNATIONAL FINANCE CENTRE 8 FINANCE STREET CENTRAL HONG KONG",25,0.00,2025-11-12T10:19:25.016Z