Participant ID,Participant Name,Address,Shareholding,Percentage
"C00019","THE HONGKONG AND SHANGHAI BANKING","HSBC WEALTH BUSINESS SERVICES 8/F TOWER 2 & 3 HSBC CENTRE 1 SHAM MONG ROAD KOWLOON",3124566070,34.16
"C00010","CITIBANK N.A.","9/F CITI TOWER ONE BAY EAST 83 HOI BUN ROAD KWUN TONG KOWLOON",626533518,6.85
"A00003","CHINA SECURITIES DEPOSITORY AND CLEARING","17 TAIPING QIAO STREET XICHENG DISTRICT BEIJING CHINA",544089804,5.94
"A00004","CHINA SECURITIES DEPOSITORY AND CLEARING","17 TAIPING QIAO STREET XICHENG DISTRICT BEIJING CHINA",467138372,5.1
"C00039","STANDARD CHARTERED BANK (HONG KONG) LTD","18/F STANDARD CHARTERED BANK TOWER MILLENNIUM CITY 388 KWUN TONG ROAD KWUN TONG KOWLOON",414756901,4.53
"B01451","GOLDMAN SACHS (ASIA) SECURITIES LTD","68TH FLOOR CHEUNG KONG CENTER 2 QUEEN'S ROAD CENTRAL HONG KONG",378729371,4.14
"B01274","MORGAN STANLEY HONG KONG SECURITIES LTD","46/F INTERNATIONAL COMMERCE CENTRE 1 AUSTIN ROAD WEST KOWLOON",344090278,3.76
"B01161","UBS SECURITIES HONG KONG LTD","47-52/F TWO INTERNATIONAL FINANCE CENTRE 8 FINANCE STREET CENTRAL HONG KONG",296568693,3.24
"B01130","BOCI SECURITIES LTD","22/F GRAND MILLENNIUM PLAZA 181 QUEEN'S ROAD CENTRAL HONG KONG",192366021,2.1
"C00040","INDUSTRIAL AND COMMERCIAL BANK OF CHINA","2/F ONE HARBOURFRONT 18-22 TAK FUNG ST HUNG HOM KOWLOON",95720223,1.04
"C00093","BNP PARIBAS","21/F PCCW TOWER TAIKOO PLACE 979 KING'S ROAD QUARRY BAY HONG KONG",94006422,1.02
"C00033","BANK OF CHINA (HONG KONG) LTD","23/F BANK OF CHINA CENTRE OLYMPIAN CITY 11 HOI FAI ROAD WEST KOWLOON",62258393,0.68
"B01955","FUTU SECURITIES INTERNATIONAL","34/F UNITED CENTRE 95 QUEENSWAY ADMIRALTY HONG KONG",58407785,0.63
"B01590","INTERACTIVE BROKERS HONG KONG LTD","SUITE 1512 TWO PACIFIC PLACE 88 QUEENSWAY HONG KONG",49738958,0.54
"C00016","DBS BANK LTD","7/F TWO HARBOUR SQUARE 180 WAI YIP STREET KWUN TONG KOWLOON",42984582,0.47
"C00074","DEUTSCHE BANK AG","58-61/F INTERNATIONAL COMMERCE CENTRE 1 AUSTIN ROAD WEST KOWLOON",36265487,0.39
"C00018","HANG SENG BANK LTD","HANG SENG 113 113 ARGYLE STREET MONGKOK KOWLOON",19967197,0.21
"B01565","GUOTAI JUNAN SECURITIES (HONG KONG) LTD","27/F GRAND MILLENNIUM PLAZA 181 QUEEN'S ROAD CENTRAL HONG KONG",19575967,0.21
"C00042","CMB WING LUNG BANK LTD","45 DES VOEUX ROAD CENTRAL HONG KONG",19486466,0.21
"B01224","MERRILL LYNCH FAR EAST LTD","C/O BANK OF AMERICA MERRILL LYNCH 38/F CHEUNG KONG CENTER 2 QUEEN'S ROAD CENTRAL CENTRAL HONG KONG",13680960,0.14
"B01901","CMB INTERNATIONAL SECURITIES LTD","45/F CHAMPION TOWER 3 GARDEN ROAD CENTRAL HONG KONG",12297931,0.13
"C00015","DBS BANK (HONG KONG) LTD","6/F TWO HARBOUR SQUARE 180 WAI YIP STREET KWUN TONG KOWLOON",7876168,0.08
"C00011","PUBLIC BANK (HONG KONG) LTD","PUBLIC BANK CENTRE 120 DES VOEUX ROAD CENTRAL HONG KONG",7678930,0.08
"B01228","CITIC SECURITIES BROKERAGE (HK) LTD","26/F CITIC TOWER 1 TIM MEI AVENUE CENTRAL HONG KONG",6971460,0.07
"C00003","THE BANK OF EAST ASIA LTD","35/F BEA TOWER MILLENNIUM CITY 5 418 KWUN TONG ROAD KWUN TONG KOWLOON",5903106,0.06
"C00088","CHINA MERCHANTS BANK CO LTD","28/F THREE EXCHANGE SQUARE 8 CONNAUGHT PLACE CENTRAL HONG KONG",5333814,0.05
"B01148","CHINA MERCHANTS SECURITIES (HK) CO LTD","48/F ONE EXCHANGE SQUARE 8 CONNAUGHT ROAD CENTRAL HONG KONG",5247995,0.05
"B01353","UOB KAY HIAN (HONG KONG) LTD","6/F HARCOURT HOUSE 39 GLOUCESTER ROAD HONG KONG",4782076,0.05
"B01345","PHILLIP SECURITIES (HONG KONG) LTD","11/F UNITED CENTRE 95 QUEENSWAY HONG KONG",3915986,0.04
"B01089","HSBC BROKING SECURITIES (HONG KONG) LTD","LEVEL 25 HSBC MAIN BUILDING 1 QUEEN'S ROAD CENTRAL HONG KONG",3898794,0.04
"B02142","TIGER BROKERS (HK) GLOBAL LTD","23/F LI PO CHUN CHAMBERS 189 DES VOEUX ROAD CENTRAL SHEUNG WAN HONG KONG",3490318,0.03
"B01086","EVERBRIGHT SECURITIES INVESTMENT","28/F LEE GARDEN ONE 33 HYSAN AVENUE CAUSEWAY BAY HONG KONG",3465968,0.03
"B01413","CORE PACIFIC - YAMAICHI INTERNATIONAL","ROOMS 1101-05 & 09-10 11/F CHINA RESOURCES BUILDING 26 HARBOUR ROAD, WANCHAI HONG KONG",3280873,0.03
"B01654","CHINA INTERNATIONAL CAPITAL CORPORATION","29/F ONE INTERNATIONAL FINANCE CENTRE 1 HARBOUR VIEW STREET CENTRAL HONG KONG",3192496,0.03
"C00037","SHANGHAI COMMERCIAL BANK LTD","C/O SECURITIES PROCESSING CENTRE LEVEL 23 TOWER 2 KOWLOON COMMERCE CENTRE 51 KWAI CHEONG ROAD KWAI CHUNG NEW TERRITORIES",3149798,0.03
"B01686","FIRST SHANGHAI SECURITIES LTD","19/F WING ON HOUSE 71 DES VOEUX ROAD CENTRAL HONG KONG",3078800,0.03
"B01762","DBS VICKERS (HONG KONG) LTD","16/F ONE ISLAND EAST 18 WESTLANDS ROAD ISLAND EAST HONG KONG",3048509,0.03
"C00028","NANYANG COMMERCIAL BANK LTD","30/F NCB INNOVATION CENTRE 888 LAI CHI KOK ROAD CHEUNG SHA WAN KOWLOON",2902702,0.03
"B01727","ICBC (ASIA) SECURITIES LTD","2/F ONE HARBOURFRONT 18-22 TAK FUNG ST HUNG HOM KOWLOON",2616536,0.02
"C00058","CHINA CITIC BANK INTERNATIONAL LTD","30/F TWO TAIKOO PLACE TAIKOO PLACE 979 KING'S ROAD QUARRY BAY HONG KONG",2454888,0.02
"B01610","KGI ASIA LTD","41/F CENTRAL PLAZA 18 HARBOUR ROAD WANCHAI HONG KONG",2367264,0.02
"B01695","DAH SING SECURITIES LTD","SUITE 1910 19/F ISLAND PLACE TOWER 510 KING'S ROAD NORTH POINT HONG KONG",2339939,0.02
"C00041","OCBC BANK (HONG KONG) LTD","1/F EASTERN CENTRAL PLAZA 3 YIU HING ROAD SHAU KEI WAN HONG KONG",2306893,0.02
"B01272","FB SECURITIES (HONG KONG) LTD","ROOM 2501-04 25/F WING ON HOUSE 71 DES VOEUX ROAD CENTRAL CENTRAL HONG KONG",2299950,0.02
"C00036","CHINA CONSTRUCTION BANK (ASIA)","20/F CCB CENTRE 18 WANG CHIU ROAD KOWLOON BAY KOWLOON",2267157,0.02
"C00026","CHONG HING BANK LTD","LEVEL 25 TOWER 2 ENTERPRISE SQUARE FIVE (MEGABOX) 38 WANG CHIU ROAD KOWLOON BAY KOWLOON",2258138,0.02
"B01825","GUOYUAN SECURITIES BROKERAGE (HONG KONG)","17/F THREE EXCHANGE SQUARE 8 CONNAUGHT ROAD CENTRAL CENTRAL HONG KONG",2147300,0.02
"B01138","CLSA LTD","18/F ONE PACIFIC PLACE 88 QUEENSWAY HONG KONG",2059040,0.02
"C00002","BANK OF COMMUNICATIONS TRUSTEE LTD","16/F COS CENTRE 56 TSUN YIP STREET KWUN TONG KOWLOON",1999267,0.02
"C00111","SOCIETE GENERALE","38/F THREE PACIFIC PLACE 1 QUEEN'S ROAD EAST HONG KONG",1996270,0.02
"B01143","HAITONG INTERNATIONAL SECURITIES CO LTD","22/F LI PO CHUN CHAMBERS 189 DES VOEUX ROAD CENTRAL HONG KONG",1914749,0.02
"B01668","BRIGHT SMART SECURITIES INTERNATIONAL","10/F WING ON HOUSE 71 DES VOEUX ROAD CENTRAL CENTRAL HONG KONG",1880641,0.02
"B01829","HUATAI FINANCIAL HOLDINGS (HONG KONG)","62/F THE CENTER 99 QUEEN'S ROAD CENTRAL HONG KONG",1729824,0.01
"B01826","GF SECURITIES (HONG KONG) BROKERAGE LTD","27/F GF TOWER 81 LOCKHART ROAD WAN CHAI HONG KONG",1648566,0.01
"B01938","CHINA INDUSTRIAL SECURITIES","32/F INFINITUS PLAZA 199 DES VOEUX ROAD CENTRAL SHEUNG WAN HONG KONG",1628377,0.01
"C00095","EFG BANK AG","18/F INTERNATIONAL COMMERCE CENTRE 1 AUSTIN ROAD WEST KOWLOON",1559061,0.01
"B01581","KINGSWAY FINANCIAL SERVICES GROUP LTD","7/F TOWER 1 LIPPO CENTRE 89 QUEENSWAY HONG KONG",1516632,0.01
"B01256","SINOLINK SECURITIES (HONG KONG) CO LTD","UNIT 3501-08 35/F COSCO TOWER 183 QUEEN'S ROAD CENTRAL SHEUNG WAN HONG KONG",1488700,0.01
"B01497","SINOPAC SECURITIES (ASIA) LTD","7/F LEE GARDEN THREE 1 SUNNING ROAD CAUSEWAY BAY HONG KONG",1337766,0.01
"B01347","CGS INTERNATIONAL SECURITIES HK LTD","UNIT 2808B-2811 28/F WING ON CENTRE 111 CONNAUGHT ROAD CENTRAL HONG KONG",1309038,0.01
"B01118","EAST ASIA SECURITIES CO LTD","C/O BEA SETTLEMENT OPERATIONS DEPT-IOS 35/F BEA TOWER MILLENNIUM CITY 5 418 KWUN TONG ROAD KOWLOON",1283229,0.01
"B01264","MIB SECURITIES (HONG KONG) LTD","28/F LEE GARDEN THREE 1 SUNNING ROAD CAUSEWAY BAY HONG KONG",1268439,0.01
"B01842","BOCOM INTERNATIONAL SECURITIES LTD","11/F MAN YEE BUILDING 68 DES VOEUX ROAD CENTRAL HONG KONG",1265722,0.01
"B02195","LONG BRIDGE HK LTD","SUITES 1801-1804 & 1815-1816 18TH FLOOR ONE INTERNATIONAL FINANCE CENTRE NO.1 HARBOUR VIEW STREET HONG KONG",1190745,0.01
"B01115","SHENWAN HONGYUAN SECURITIES (H.K.) LTD","LEVEL 19 28 HENNESSY ROAD HONG KONG",1176126,0.01
"B01338","EMPEROR SECURITIES LTD","23/F-24/F EMPEROR GROUP CENTRE 288 HENNESSY ROAD WANCHAI HONG KONG",1157591,0.01
"B01584","CHIEF SECURITIES LTD","5/F WORLD-WIDE HOUSE 19 DES VOEUX ROAD CENTRAL CENTRAL HONG KONG",906365,0
"B01890","GUOSEN SECURITIES (HK) BROKERAGE CO LTD","SUITES 3207-3212 32/F ONE PACIFIC PLACE 88 QUEENSWAY HONG KONG",899916,0
"B01885","HAFOO SECURITIES LTD","UNIT 3203 TOWER 1 ADMIRALTY CENTRE 18 HARCOURT ROAD ADMIRALTY HONG KONG",828517,0
"B01777","DAIWA CAPITAL MARKETS HONG KONG LTD","LEVEL 26 ONE PACIFIC PLACE 88 QUEENSWAY HONG KONG",822250,0
"B01904","VALUABLE CAPITAL LTD","ROOM 3606 36/F CHINA MERCHANTS TOWER SHUN TAK CENTRE 168-200 CONNAUGHT ROAD CENTRAL HONG KONG",802259,0
"B01929","CHINA GALAXY INTERNATIONAL SECURITIES","20/F WING ON CENTRE 111 CONNAUGHT ROAD CENTRAL HONG KONG",800702,0
"B02132","BOOM SECURITIES (H.K.) LTD","ROOM 2801 28/F TOWER 1 THE MILLENNITY 98 HOW MING STREET KWUN TONG KOWLOON",796381,0
"B02176","PING AN SECURITIES (HONG KONG) CO LTD","UNITS 3601, 07 & 11-13 36/F THE CENTER 99 QUEEN'S ROAD CENTRAL HONG KONG",770711,0
"B01900","ORIENT SECURITIES (HONG KONG) LTD","28/F 100 QUEEN'S ROAD CENTER 100 QRC CENTRAL HONG KONG",753097,0
"B01459","IFAST SECURITIES (HK) LTD","SUITES 701-702, 706-713 TOWER 5 THE GATEWAY TSIM SHA TSUI KOWLOON",661039,0
"B01773","TOYO SECURITIES ASIA LTD","SUITES 2301-02 & 16 23/FL CITY PLAZA ONE 1111 KING'S ROAD TAIKOO SHING HONG KONG",645100,0
"B01905","SDICS INTERNATIONAL SECURITIES (HONG","39/F ONE EXCHANGE SQUARE CENTRAL HONG KONG",635910,0
"B01183","CHONG HING SECURITIES LTD","2/F CHONG HING BANK CENTRE 24 DES VOEUX ROAD CENTRAL HONG KONG",630492,0
"B02042","MONMONKEY GROUP SECURITIES LTD","UNIT 2418 24/F CHINA MERCHANTS TOWER SHUN TAK CENTRE 168 CONNAUGHT ROAD CENTRAL HONG KONG",618805,0
"C00048","CHIYU BANKING CORPORATION LTD","23/F BANK OF CHINA CENTRE OLYMPIAN CITY 11 HOI FAI ROAD WEST KOWLOON KOWLOON",614920,0
"B01962","CHINA SECURITIES (INTERNATIONAL)","18/F TWO EXCHANGE SQUARE 8 CONNAUGHT PLACE CENTRAL HONG KONG",542232,0
"B01866","ICBC INTERNATIONAL SECURITIES LTD","37/F ICBC TOWER 3 GARDEN ROAD HONG KONG",503500,0
"B01858","YUANTA SECURITIES (HONG KONG) CO LTD","23/F TOWER 1 ADMIRALTY CENTRE 18 HARCOURT ROAD ADMIRALTY HONG KONG",501266,0
"B01813","CCB INTERNATIONAL SECURITIES LTD","12/F CCB TOWER 3 CONNAUGHT ROAD CENTRAL CENTRAL HONG KONG",482925,0
"B01849","CIS SECURITIES ASSET MANAGEMENT LTD","21/F CENTRE POINT 181-185 GLOUCESTER ROAD WANCHAI HONG KONG",454602,0
"B01959","ZHONGTAI INTERNATIONAL SECURITIES LTD","7/F LI PO CHUN CHAMBERS 189 DES VOEUX ROAD CENTRAL HONG KONG",364103,0
"B01284","HANG SENG SECURITIES LTD","HANG SENG 113 113 ARGYLE STREET MONGKOK KOWLOON",326800,0
"B02192","HUAFU INTERNATIONAL SECURITIES LTD","UNITS 2603-04 26/F INFINITUS PLAZA 199 DES VOEUX ROAD CENTRAL HONG KONG",321700,0
"B01623","TAI FUNG KUENTAI SECURITIES CO LTD","RM 3310 33/F BANK OF AMERICA TOWER 12 HARCOURT ROAD CENTRAL HONG KONG",318900,0
"B01939","SOOCHOW SECURITIES INTERNATIONAL","LEVEL 17 THREE PACIFIC PLACE 1 QUEEN'S ROAD EAST HONG KONG",294730,0
"B01832","MIZUHO SECURITIES ASIA LTD","14/F-15/F K11 ATELIER 18 SALISBURY ROAD TSIM SHA TSUI KOWLOON",263340,0
"B02159","USMART SECURITIES LTD","UNIT 2606-07 26/F FWD FINANCIAL CENTRE 308 DES VOEUX ROAD CENTRAL HONG KONG",238050,0
"B02120","LIVERMORE HOLDINGS LTD","UNIT 1214A 12/F TOWER II CHEUNG SHA WAN PLAZA 833 CHEUNG SHA WAN ROAD KOWLOON",235901,0
"B01830","MIRAE ASSET SECURITIES (HK) LTD","SUITE 8501,8507-8508 85/F ICC KOWLOON",221001,0
"C00107","INDUSTRIAL BANK CO., LTD.","12/F ONE INTERNATIONAL FINANCE CENTRE 1 HARBOUR VIEW STREET CENTRAL HONG KONG",211965,0
"B01947","FUBON SECURITIES (HONG KONG) LTD","UNIT 1002 10/F HONG KONG LI-NING BUILDING 218 ELECTRIC ROAD NORTH POINT HONG KONG",206259,0
"B01564","ABCI SECURITIES CO LTD","13/F FAIRMONT HOUSE 8 COTTON TREE DRIVE CENTRAL HONG KONG",193300,0
"B01129","WOCOM SECURITIES LTD","RM 1002 WING ON CENTRE 111 CONNAUGHT ROAD CENTRAL HONG KONG",191074,0
"B01833","CTBC ASIA LTD","RM 2809 28/F TWO INTERNATIONAL FINANCE CENTRE 8 FINANCE STREET CENTRAL HONG KONG",187600,0
"B01423","PRUDENTIAL BROKERAGE LTD","RM 901-904 WORLD WIDE HOUSE 19 DES VOEUX ROAD CENTRAL HONG KONG",182677,0
"B02102","ZINVEST GLOBAL LTD","RM 3502 LIPPO CENTRE TOWER 2 89 QUEENSWAY HONG KONG",180118,0
"B01181","FOSUN INTERNATIONAL SECURITIES LTD","SUITE 2101-2105 21/F CHAMPION TOWER 3 GARDEN ROAD CENTRAL HONG KONG",162565,0
"B01673","FULBRIGHT SECURITIES LTD","UNIT 2207 WEST TOWER SHUN TAK CENTRE 168-200 CONNAUGHT ROAD CENTRAL SHEUNG WAN HONG KONG",156964,0
"B01894","MFG LIMITED","25/F HENLEY BUILDING 5 QUEEN'S ROAD CENTRAL HONG KONG",153365,0
"B01324","FUNDERSTONE SECURITIES LTD","ROOM 1802 18/F CAPITAL CENTRE NO. 151 GLOUCESTER ROAD WANCHAI HONG KONG",144600,0
"B01973","PC SECURITIES LTD","11/F LEE GARDEN FIVE 18 HYSAN AVENUE CAUSEWAY BAY HONG KONG",134000,0
"B01556","LUK FOOK SECURITIES (HK) LTD","UNITS 2201-2205 22/F COSCO TOWER 183 QUEEN'S ROAD CENTRAL HONG KONG",130195,0
"B01209","MASON SECURITIES LTD","2101 21/F CONVENTION PLAZA OFFICE TOWER 1 HARBOUR ROAD WANCHAI HONG KONG",128432,0
"B01169","PUBLIC FINANCIAL SECURITIES LTD","10/F PUBLIC BANK CENTRE 120 DES VOEUX ROAD CENTRAL HONG KONG",124570,0
"B01940","SOFI SECURITIES (HONG KONG) LTD","21/F H CODE 45 POTTINGER STREET CENTRAL HONG KONG",118102,0
"B02206","ZIRCON SECURITIES (HK) LTD","16/F RYKADAN CAPITAL TOWER 135 HOI BUN ROAD KWUN TONG KOWLOON",115383,0
"B01289","SOUTH CHINA SECURITIES LTD","28/F BANK OF CHINA TOWER 1 GARDEN RD CENTRAL HONG KONG",114911,0
"B02163","GOLDEN EAGLE BROKERAGE LTD","UNIT 2115 21/F NORTH TOWER CONCORDIA PLAZA NO.1 SCIENCE MUSEUM ROAD KOWLOON",112799,0
"B01275","SANFULL SECURITIES LTD","RM 2001-2006 COSCO TOWER 183 QUEEN'S ROAD CENTRAL HONG KONG",109140,0
"B02032","FORTHRIGHT SECURITIES CO LTD","20/F GOLDEN CENTRE 188 DES VOEUX ROAD CENTRAL SHEUNG WAN HONG KONG",107957,0
"B01123","HING WONG SECURITIES LTD","19/F UNIT A UNITED CENTRE 95 QUEENSWAY HONG KONG",104000,0
"B01649","CINDA INTERNATIONAL SECURITIES LTD","45TH FLOOR COSCO TOWER 183 QUEEN'S ROAD CENTRAL HONG KONG",102080,0
"B01445","VICTORY SECURITIES CO LTD","RM 1101-3 11/F YARDLEY COMMERCIAL BLDG 3 CONNAUGHT ROAD WEST SHEUNG WAN HONG KONG",101400,0
"B01875","GUODU SECURITIES (HONG KONG) LTD","RM 1307 13/F BANK OF AMERICA TOWER 12 HARCOURT ROAD CENTRAL HONG KONG",100200,0
"B01119","CELESTIAL SECURITIES LTD","22/F MANHATTAN PLACE 23 WANG TAI ROAD KOWLOON BAY KOWLOON",99801,0
"B01230","GAOYU SECURITIES LIMITED","SUITE 4409 44/F COSCO TOWER 183 QUEEN'S ROAD CENTRAL HONG KONG",98300,0
"B01184","QUAM SECURITIES LTD","5/F,RM 2401&2412 WING ON CENTRE 111 CONNAUGHT ROAD CENTRAL SHEUNG WAN HONG KONG",95958,0
"B02210","ARK GROUP HOLDINGS (HONG KONG) LTD","34/F TOWER TWO TIMES SQUARE 1 MATHESON STREET CAUSEWAY BAY HONG KONG",85300,0
"B01848","CATHAY SECURITIES (HONG KONG) LTD","RM 1001 10/F CHINA BUILDING 29 QUEEN'S ROAD CENTRAL HONG KONG",84940,0
"B01252","CORPORATE BROKERS LTD","UNIT 408-409 4/F FORTRESS TOWER 250 KING'S ROAD FORTRESS HILL HONG KONG",83600,0
"B01937","CHANGJIANG SECURITIES BROKERAGE (HK) LTD","UNIT 3605-3611 36/F COSCO TOWER 183 QUEEN'S ROAD CENTRAL CENTRAL HONG KONG",82800,0
"B02108","WK SECURITIES LTD","UNIT 1501 15/F TAI TUNG BUILDING NO.8 FLEMING ROAD WAN CHAI HONG KONG",81700,0
"B01893","WINCO SECURITIES CO LTD","RM 1404 14/F COSCO TOWER 183 QUEEN'S ROAD CENTRAL HONG KONG",78000,0
"B01455","NATIONAL RESOURCES SECURITIES LTD","RM 102 1/F ON HONG COMMERCIAL BUILDING 145 HENNESSY ROAD WANCHAI HONG KONG",77800,0
"B02171","DL SECURITIES (HK) LTD","21/F DL TOWER 92 WELLINGTON STREET CENTRAL HONG KONG",77000,0
"B01555","ABN AMRO CLEARING HONG KONG LTD","SUITE 2407-2409 LEVEL 24 THREE PACIFIC PLACE 1 QUEEN'S ROAD EAST HONG KONG",76260,0
"B01438","KINGSTON SECURITIES LTD","72/F THE CENTER 99 QUEEN'S ROAD CENTRAL CENTRAL HONG KONG",73400,0
"B01265","OCBC SECURITIES BROKERAGE (HK) LTD","1/F CHUN WO COMMERCIAL CENTRE 23-29 WING WO STREET CENTRAL HONG KONG",72965,0
"B02175","WEBULL SECURITIES LTD","SUITES 2509-12 25/F TOWER 6 THE GATEWAY HARBOUR CITY KOWLOON",72024,0
"B01669","FIRST SECURITIES (HK) LTD","RM 1708-1710 17/F CHINA INSURANCE GROUP BUILDING 141 DES VOEUX ROAD CENTRAL HONG KONG",71500,0
"B01298","GET NICE SECURITIES LTD","G/F-3/F COSCO TOWER GRAND MILLENNIUM PLAZA 183 QUEEN'S ROAD CENTRAL HONG KONG",70000,0
"B01246","ROCTEC SECURITIES CO LTD","ROOM 3908 39/F THE CENTER 99 QUEEN'S ROAD CENTRAL HONG KONG",69600,0
"B01810","ASTRUM CAPITAL MANAGEMENT LTD","RM 2704 TOWER 1 ADMIRALTY CENTRE 18 HARCOURT ROAD ADMIRALTY HONG KONG",66200,0
"B01567","PRIME SECURITIES LTD","ROOM 1602 16/F KAI TAK COMMERCIAL BUILDING 317-319 DES VOEUX ROAD CENTRAL HONG KONG",62450,0
"B01425","WELLFULL SECURITIES CO LTD","RM 406 4/F HOUSTON CENTRE 63 MODY ROAD TSIMSHATSUI EAST KOWLOON",62400,0
"B01641","FULL WIN SECURITIES LTD","RM 1101 11/F YUE SHING COMMERCIAL BUILDING 15-16 QUEEN VICTORIA STREET CENTRAL HONG KONG",61900,0
"B01552","CARRIER STOCK INVESTMENT CO LTD","FLAT 1A 1/F MAN HING COMMERCIAL BUILDING 79-83 QUEEN'S ROAD CENTRAL CENTRAL HONG KONG",61000,0
"B01470","HUNG SING SECURITIES LTD","SUITE 2505 25/F WEST TOWER SHUN TAK CENTRE 200 CONNAUGHT ROAD CENTRAL SHEUNG WAN HONG KONG",60100,0
"B01734","KCG SECURITIES ASIA LTD","UNIT 2 24/F WORLDWIDE HOUSE 19 DES VOEUX ROAD CENTRAL HONG KONG",58205,0
"B01963","TFI SECURITIES AND FUTURES LTD","16/F TWO PACIFIC PLACE 88 QUEENSWAY ADMIRALTY HONG KONG",57700,0
"B01980","SHANXI SECURITIES INTERNATIONAL LTD","UNIT A 29/F ADMIRALTY CENTRE TOWER 1 18 HARCOURT ROAD ADMIRALTY HONG KONG",56800,0
"B01787","SOO PUI CHEN SECURITIES LTD","RM 802 CHEONG K BUILDING 86 DES VOEUX ROAD CENTRAL HONG KONG",56700,0
"B01601","CSC SECURITIES (HK) LTD","3/F 308 CENTRAL DES VOEUX 308 DES VOEUX ROAD CENTRAL SHEUNG WAN HONG KONG",55500,0
"B01198","PO KAY SECURITIES & SHARES CO LTD","14/F GRAND BUILDING 15-18 CONNAUGHT ROAD CENTRAL HONG KONG",55000,0
"B01753","FORTUNE (HK) SECURITIES LTD","UNIT 4102-06 41/F COSCO TOWER 183 QUEEN'S ROAD CENTRAL SHEUNG WAN HONG KONG",54100,0
"B02183","SPDB INTERNATIONAL SECURITIES LTD","33/F SPD BANK TOWER ONE HENNESSY 1 HENNESSY ROAD HONG KONG",53700,0
"B01915","METAVERSE SECURITIES LTD","SUITE 4806-07 48/F CENTRAL PLAZA 18 HARBOUR ROAD WANCHAI HONG KONG",50658,0
"B01351","WING FUNG SECURITIES LTD","UNIT 1001-8 10/F COSCO TOWER GRAND MILLENNIUM PLAZA 183 QUEEN'S ROAD CENTRAL CENTRAL HONG KONG",49800,0
"B01356","DELTA ASIA SECURITIES LTD","5/F LUK KWOK CENTRE 72 GLOUCESTER ROAD WANCHAI HONG KONG",48400,0
"B01551","YUE XIU SECURITIES CO LTD","ROOM NOS 4917-4937 49/F SUN HUNG KAI CENTRE 30 HABOUR ROAD WAN CHAI HONG KONG",46920,0
"B01814","WELL LINK SECURITIES LTD","UNIT 13-15 11/F CHINA MERCHANTS TOWER SHUN TAK CENTRE 168-200 CONNAUGHT ROAD CENTRAL HONG KONG",44700,0
"B01322","WATON SECURITIES INTERNATIONAL LIMITED","SUITES 3605-6 36/F TOWER 6 THE GATEWAY HARBOUR CITY KOWLOON",42500,0
"B02141","XIN YONGAN INTERNATIONAL SECURITIES","UNITS 3511-15 35/F COSCO TOWER GRAND MILLENNIUM PLAZA 183 QUEEN'S ROAD CENTRAL HONG KONG",42500,0
"B01585","SINO GRADE SECURITIES LTD","ROOM 601-602 6/F TAI PO COMMERCIAL CENTRE 152-172 KWONG FUK ROAD TAI PO NEW TERRITORIES",42200,0
"B01930","PRIME COURAGE SECURITIES CO LTD","UNIT A 23/F 88 LOCKHART ROAD WANCHAI HONG KONG",41400,0
"B01373","CHRISTFUND SECURITIES LTD","28/F TWO CHINACHEM CENTRAL 26 DES VOEUX ROAD CENTRAL HONG KONG",40800,0
"B01588","LEI SHING HONG SECURITIES LTD","8/F NEW WORLD TOWER I 18 QUEEN'S ROAD CENTRAL HONG KONG",40500,0
"B01710","SINO-RICH SECURITIES & FUTURES LTD","UNIT 2205-06 22/F GLOBAL TRADE SQUARE 21 WONG CHUK HANG ROAD HONG KONG",39100,0
"B02078","AFFLUX SECURITIES LTD","ROOM 06 11/F EMPEROR GROUP CENTRE 288 HENNESSY ROAD WAN CHAI HONG KONG",39000,0
"B01519","GOOD HARVEST SECURITIES CO LTD","7/F HARBOUR COMMERCIAL BUILDING 122-124 CONNAUGHT ROAD CENTRAL CENTRAL HONG KONG",38600,0
"B01897","CENTRAL WEALTH SECURITIES INVESTMENT LTD","5/F CHINA TAIPING TOWER PHASE II 8 SUNNING ROAD CAUSEWAY BAY HONG KONG",38400,0
"B01696","HANTEC SECURITIES CO LTD","12/F SOUTH CHINA BUILDING 1-3 WYNDHAM STREET CENTRAL HONG KONG",34970,0
"B01967","YUNFENG SECURITIES LTD","ROOM 1803-1806 18/F YF LIFE CENTRE 38 GLOUCESTER ROAD WANCHAI HONG KONG",34072,0
"B01659","CHEER UNION SECURITIES LTD","ROOM 2101 21/F TOWER 1 LIPPO CENTRE 89 QUEENSWAY ADMIRALTY HONG KONG",34000,0
"B01576","SIU ON SECURITIES LTD","32/F SIU ON CENTRE 188 LOCKHART ROAD WANCHAI HONG KONG",33700,0
"B02047","EDDID SECURITIES AND FUTURES LTD","21/F CITIC TOWER 1 TIM MEI AVENUE CENTRAL HONG KONG",33300,0
"B01514","KARL-THOMSON SECURITIES CO LTD","RM 607-610 6/F TAI YAU BUILDING 181 JOHNSTON ROAD WANCHAI HONG KONG",32500,0
"B01843","TELECOM KING SECURITIES LTD","UNIT 1202 12/F TELECOM DIGITAL TOWER 58 TSUN YIP STREET KWUN TONG KOWLOON",32355,0
"B02021","NEW HARVEST WEALTH SECURITIES COMPANY","32/F LEE GARDEN ONE 33 HYSAN AVENUE CAUSEWAY BAY HONG KONG",31310,0
"B01511","TAT LEE SECURITIES CO LTD","RM 1801-1806 PRESIDENT COMMERCIAL CENTRE 608 NATHAN ROAD MONGKOK KOWLOON",30000,0
"B01785","PARTNERS CAPITAL SECURITIES LTD","UNIT 4911-12 49/F THE CENTRE 99 QUEEN'S ROAD CENTRAL CENTRAL HONG KONG",29700,0
"B01949","GRAND CHINA SECURITIES LTD","RM 503 5/F LOKE YEW 50-52 QUEEN'S ROAD CENTRAL CENTRAL HONG KONG",29500,0
"B01948","CAITONG INTERNATIONAL SECURITIES CO LTD","RM 2401-2405 24/F GRAND MILLENNIUM PLAZA 181 QUEEN'S ROAD CENTRAL HONG KONG",29200,0
"B01941","CENTALINE SECURITIES LTD","SUITES 805-806 8/F SOUTH TOWER WORLD FINANCE CENTRE HARBOUR CITY 17-19 CANTON ROAD TSIMSHATSUI KOWLOON",29074,0
"B01439","TAI TAK SECURITIES (ASIA) LTD","707A WING ON HOUSE 71 DES VOEUX ROAD CENTRAL HONG KONG",28300,0
"B01267","WINFULL SECURITIES LTD","RM 1402 FORTIS BANK TOWER 77-79 GLOUCESTER ROAD WANCHAI HONG KONG",28200,0
"B01450","DL BROKERAGE LTD","1/F WING'S BLDG 110-116 QUEEN'S ROAD CENTRAL HONG KONG",27400,0
"B01853","CMBC SECURITIES CO LTD","45/F ONE EXCHANGE SQUARE 8 CONNAUGHT PLACE CENTRAL HONG KONG",27200,0
"B01978","FOUNDER SECURITIES (HONG KONG) LTD","ROOM 801-02 8/F SHANGHAI INDUSTRIAL INVESTMENT BUILDING 48-62 HENNESSY ROAD WAN CHAI HONG KONG",25600,0
"B01158","SOLID KING SECURITIES LTD","UNITS 1205-6 12/F WEST TOWER SHUN TAK CENTRE 200 CONNAUGHT ROAD CENTRAL HONG KONG",25500,0
"B02156","LINKWAYS INVESTMENT MANAGEMENT LTD","ROOM 702 7/F DINA HOUSE 3-11 DUDDELL STREET CENTRAL HONG KONG",25499,0
"B01782","SEAGA INTERNATIONAL LTD","3/F MONARCH HOUSE II 501-503 HENNESSY ROAD CAUSEWAY BAY HONG KONG",25100,0
"B01809","CHINA SYSTEM SECURITIES LTD","ROOM 1201-02 12/F TUNG HIP COMMERCIAL BUILDING 252 DES VOEUX ROAD CENTRAL HONG KONG",24900,0
"B01580","OSHIDORI SECURITIES LTD","25/F CHINA UNITED CENTRE 28 MARBLE ROAD NORTH POINT HONG KONG",24600,0
"B01253","STOCKWELL SECURITIES LTD","UNITS 406-410 4/F TOWER 2 SILVERCORD 30 CANTON ROAD TSIM SHA TSUI KOWLOON",24440,0
"B01645","SELINA & CO LTD","SUITE 2401 CHINACHEM EXCHANGE SQUARE 1 HOI WAN STREET QUARRY BAY HONG KONG",23800,0
"B01986","HUAJIN SECURITIES (INTERNATIONAL) LTD","SUITE 1101-1106 11/F CHAMPION TOWER 3 GARDEN ROAD CENTRAL HONG KONG",23000,0
"B01213","MONEYMORE SECURITIES LTD","6TH FLOOR MALAHON CENTRE 8-12 STANLEY STREET CENTRAL HONG KONG",21900,0
"B01173","RIFA SECURITIES LTD","LEVEL 7 28 HENNESSY ROAD WANCHAI HONG KONG",21800,0
"B01793","ASIA PACIFIC CAPITAL SECURITIES LTD","ROOM 509 5/F STAG BUILDING 148-150 QUEEN'S ROAD CENTRAL CENTRAL HONG KONG",21800,0
"B01458","YICKO SECURITIES LTD","19TH FLOOR TUNG NING BUILDING 125-7 CONNAUGHT ROAD CENTRAL HONG KONG",21330,0
"B01925","BMI SECURITIES LTD","SUITES 2701-2708 27/F SHUI ON CENTRE 6-8 HARBOUR ROAD WANCHAI HONG KONG",21200,0
"B01523","EVER-LONG SECURITIES CO LTD","ROOMS 301-303 3/F 12 TAIKOO WAN ROAD TAIKOO SHING QUARRY BAY HONG KONG",20900,0
"B01909","SHENG YUAN SECURITIES LTD","UNITS 3208-9 32/F GRAND MILLENNIUM PLAZA COSCO TOWER 183 QUEEN'S ROAD CENTRAL SHEUNG WAN HONG KONG",20600,0
"B01592","PLATINUM BROKING CO LTD","21/F LHT TOWER 31 QUEEN'S ROAD CENTRAL HONG KONG",20300,0
"B01540","UPBEST SECURITIES CO LTD","2/F WAH KIT COMMERCIAL CENTRE 302 DES VOEUX ROAD CENTRAL HONG KONG",20000,0
"B01666","GLORY SUN SECURITIES LTD","ROOM 2307-09 23/F CHINA RESOURCES BUILDING 26 HARBOUR ROAD WAN CHAI HONG KONG",19600,0
"B01714","HEAD & SHOULDERS SECURITIES LTD","28/F QUEEN'S ROAD CENTRE 152 QUEEN'S ROAD CENTRAL HONG KONG",19600,0
"B01676","TAI SHING STOCK INVESTMENT CO LTD","ROOM 801-804 HALESON BUILDING 1 JUBILEE STREET CENTRAL HONG KONG",19175,0
"B02030","SR WEALTH SECURITIES LTD","UNIT 1305 13/F WEST TOWER SHUN TAK CENTRE 168-200 CONNAUGHT ROAD CENTRAL HONG KONG",18700,0
"B01546","WO FUNG SECURITIES CO LTD","2/F SIU YING COMM BLDG 151-155 QUEEN'S ROAD CENTRAL HONG KONG",18100,0
"B01433","HING WAI ALLIED SECURITIES LTD","RM 2902-2903 118 CONNAUGHT ROAD WEST HONG KONG",17800,0
"B01494","AUDREY CHOW SECURITIES LTD","6/F GRAND BUILDING 15-18 CONNAUGHT ROAD CENTRAL HONG KONG",17300,0
"B02099","DA INTERNATIONAL FINANCIAL SERVICE LTD","RM 4704-06 47/F HOPEWELL CENTRE 183 QUEEN'S ROAD EAST WAN CHAI HONG KONG",16500,0
"B01958","TOPAZ FINANCIAL GROUP LTD","ROOMS 2709-12 27/F WING ON CENTRE 111 CONNAUGHT ROAD CENTRAL HONG KONG",16400,0
"B02177","ZHESHANG INTERNATIONAL FINANCIAL","ROOM 1703-06 17/F INFINITUS PLAZA 199 DES VOEUX ROAD CENTRAL SHEUNG WAN HONG KONG",16300,0
"B01886","CNI SECURITIES GROUP LTD","UNIT A 26/F TIMES MEDIA CENTRE 133 WANCHAI ROAD WANCHAI HONG KONG",16100,0
"B01292","ALPHA SECURITIES CO LTD","RM 3702A 37/F FAR EAST FINANCE CENTRE 16 HARCOURT ROAD ADMIRALTY HONG KONG",15800,0
"B02181","GRAND CAPITAL SECURITIES LTD","21/F SILVER FORTUNE PLAZA 1 WELLINGTON STREET CENTRAL HONG KONG",15800,0
"B01971","HGNH INTERNATIONAL SECURITIES CO LTD","17/F CENTRE POINT 181-185 GLOUCESTER ROAD WANCHAI HONG KONG",15500,0
"B01271","HANG TAI SECURITIES LTD","ROOM 2105A 21/F K.WAH CENTRE 191 JAVA ROAD NORTH POINT HONG KONG",15200,0
"B01577","YF SECURITIES CO LTD","11/F CMA BUILDING 64-66 CONNAUGHT ROAD CENTRAL HONG KONG",15100,0
"B02035","PRIME CHINA SECURITIES LTD","RM B & C 31/F BLOCK B BILLION CENTRE 1 WANG KWONG ROAD KOWLOON",14800,0
"B01700","REALINK FINANCIAL TRADE LTD","UNIT 710-715 7/F MILLENNIUM CITY 2 378 KWUN TONG ROAD KOWLOON",14656,0
"B01401","MEGABASE SECURITIES LTD","RM 608-609 6/F ONE ISLAND SOUTH 2 HEUNG YIP ROAD HONG KONG",14100,0
"B01936","MIGHTY BROKERAGE (ASIA) LTD","SHOP 68-70 MANOR CENTRE 218 FUK WING STREET CHEUNG SHA WAN KOWLOON",14000,0
"B01964","HALCYON SECURITIES LTD","RM 3401 34/F HOPEWELL CENTRE 183 QUEEN'S ROAD EAST WANCHAI HONG KONG",14000,0
"B01510","ORIENTAL PATRON SECURITIES LTD","SUITES 4004 40/F TWO EXCHANGE SQUARE 8 CONNAUGHT PLACE CENTRAL HONG KONG",13600,0
"B01653","WAI MAN STOCK & SHARES CO LTD","RM 2 2/F LAI KWAN COURT 438 CASTLE PEAK ROAD CHEUNG SHA WAN KOWLOON",13300,0
"B01340","LEHIN SECURITIES LTD","UNIT 1007 10/F CHINA INSURANCE GROUP BUILDING 141 DES VOEUX ROAD CENTRAL CENTRAL HONG KONG",12533,0
"B01350","S. W. WOO & CO LTD","RM 1803 YUE SHING COMM BLDG 15 QUEEN VICTORIA ST CENTRAL HONG KONG",12100,0
"B01509","UNICORN SECURITIES CO LTD","RM 502 GENERAL COMMERCIAL BUILDING 156-164 DES VOEUX ROAD CENTRAL HONG KONG",11900,0
"B01993","CROSBY SECURITIES LTD","23/F-24/F EMPEROR GROUP CENTRE 288 HENNESSY ROAD WANCHAI HONG KONG",11850,0
"B02091","STAR RIVER SECURITIES LTD","ROOM 2402 WING ON CENTRE 111 CONNAUGHT ROAD CENTRAL HONG KONG",11700,0
"B01990","GRANDLY FINANCIAL SERVICES LTD","RM 1403 14/F YUE XIU BUILDING 160-174 LOCKHART ROAD WANCHAI HONG KONG",11600,0
"B01684","WANG ON SECURITIES LTD","UNIT 3904-06 39/F COSCO TOWER 183 QUEEN'S ROAD CENTRAL SHEUNG WAN HONG KONG",11100,0
"B02106","HOLLY INTERNATIONAL FINANCIAL HOLDINGS","FLAT/RM 03-5 20/F JUBILEE CENTRE 46 GLOUCESTER ROAD WANCHAI HONG KONG",11000,0
"B01343","CELETIO INVESTMENTS LTD","ROOM 2202-3 22/F CHINA INSURANCE GROUP BUILDING 141 DES VOEUX ROAD CENTRAL HONG KONG",10700,0
"B02003","DONGXING SECURITIES (HONG KONG) CO LTD","UNIT NOS 7503B-7504 75/F INTERNATIONAL COMMERCE CENTRE 1 AUSTIN ROAD WEST KOWLOON",10400,0
"B01290","SPS SECURITIES LTD","2/F PINNACLE BUILDING 9 SHIP STREET WANCHAI HONG KONG",10180,0
"B01788","SUNRISE SECURITIES LTD","RM 701-702 YUE SHING COMMERCIAL BUILDING 15 QUEEN VICTORIA STREET CENTRAL HONG KONG",10000,0
"B01483","BULLISH SECURITIES LTD","RM B 7/F HILLIER COMMERCIAL BUILDING 89 WING LOK ST EAST CENTRAL HONG KONG",9600,0
"B01705","HENIK SECURITIES LTD","UNIT 901 9/F WORKINGTON TOWER 78 BONHAM STRAND SHEUNG WAN HONG KONG",9600,0
"B01341","TUNG TAI SECURITIES CO LTD","ROOM 2501 25/F TOWER 1 LIPPO CENTRE 89 QUEENSWAY ADMIRALTY HONG KONG",9500,0
"B02214","WINBULL SECURITIES INTERNATIONAL (HONG","ROOMS 2202-3 22/F JUBILEE CENTRE 18 FENWICK STREET WAN CHAI HONG KONG",9300,0
"B01981","BLUESTONE SECURITIES (HK) CO LTD","ROOM 1701-2 17TH FLOOR STAR HOUSE NO3 SALISBURY ROAD TSIM SHA TSUI KOWLOON",9200,0
"B01469","KAISER SECURITIES LTD","3102-05 SHUN TAK WEST TOWER 168-200 CONNAUGHT ROAD CENTRAL SHEUNG WAN HONG KONG",9000,0
"B01998","CHINA SUNRISE SECURITIES (INTL) LTD","UNIT 1501 & 1503 15/F YF LIFE CENTRE 38 GLOUCESTER ROAD WAN CHAI HONG KONG",9000,0
"B01416","VC BROKERAGE LTD","6/F CENTRE POINT 181-185 GLOUCESTER ROAD WANCHAI HONG KONG",8900,0
"B01615","KAM FAI SECURITIES CO LTD","21/F CHAMPION BUILDING 287-291 DES VOEUX ROAD CENTRAL HONG KONG",8700,0
"B01563","XINKONG INTERNATIONAL SECURITIES LTD","15/F EAST WING CHINA HUARONG TOWER 60 GLOUCESTER ROAD WAN CHAI HONG KONG",8400,0
"B01481","NEW REGION SECURITIES CO LTD","2907-2909,2912,2914 WING ON HOUSE 71 DES VOEUX ROAD CENTRAL CENTRAL HONG KONG",8117,0
"B01447","BETA INTERNATIONAL SECURITIES LIMITED","ROOM 3326 33/F CHINA MERCHANTS TOWER SHUN TAK CENTRE 168-200 CONNAUGHT RD CENTRAL SHEUNG WAN HONG KONG",8100,0
"B01863","WESTOCK SECURITIES INTERNATIONAL (HK)","FLAT 9-10A 10/F WING TUCK COMMERCIAL CENTRE 177-183 WING LOK STREET SHEUNG WAN HONG KONG",7900,0
"C00099","TAISHIN INTERNATIONAL BANK CO., LTD","6/F SUN LIFE TOWER THE GATEWAY 15 CANTON ROAD TSIMSHATSUI KOWLOON",7822,0
"B01427","TSE'S SECURITIES LTD","ROOM 910-911 9/F COSCO TOWER 183 QUEEN'S ROAD CENTRAL SHEUNG WAN HONG KONG",7500,0
"B02028","SORRENTO SECURITIES LTD","ROOM 1208 12/F WING ON CENTRE 111 CONNAUGHT ROAD CENTRAL SHEUNG WAN HONG KONG",7500,0
"B01240","TSUN CHI YUEN SECURITIES CO LTD","20/F MAN ON COMM BLDG 12 JUBILEE ST CENTRAL HONG KONG",7443,0
"B02093","UPMAX SECURITIES LTD","RM 1717 CHINA MERCHANTS TOWER SHUN TAK CENTRE 168 CONNAUGHT ROAD CENTRAL SHEUNG WAN HONG KONG",7421,0
"B01386","SBI CHINA CAPITAL FINANCIAL SERVICES LTD","4/F HENLEY BUILDING 5 QUEEN'S ROAD CENTRAL HONG KONG",7300,0
"B01724","RAMON INVESTMENT CO LTD","RM 201-5 2/F KOWLOON CENTRE 29-39 ASHLEY ROAD KOWLOON",7300,0
"B02075","INNOVAX SECURITIES LTD","UNIT A-C 20/F NEICH TOWER 128 GLOUCESTER ROAD WANCHAI HONG KONG",6800,0
"B01505","SHACOM SECURITIES LTD","RM 303 HOUSTON CENTRE 63 MODY ROAD TSIMSHATSUI EAST KOWLOON",6700,0
"B01741","SINOMAX SECURITIES LTD","28/F SHUN FENG INTERNATIONAL CENTRE NO.182 QUEEN'S ROAD EAST WAN CHAI HONG KONG",6600,0
"B02052","SUNHIGH FINANCIAL HOLDINGS LTD","UNIT 2107 21/F THE CENTER 99 QUEEN'S ROAD CENTRAL CENTRAL HONG KONG",6500,0
"B01294","CS WEALTH SECURITIES LTD","RM 3206 32/F CHINA RESOURCES BUILDING 26 HARBOUR ROAD WANCHAI HONG KONG",6400,0
"B01685","ARK SECURITIES (HONG KONG) LTD","ROOM 1901 19/F EMPEROR GROUP CENTRE 288 HENNESSY ROAD WAN CHAI HONG KONG",6300,0
"B01277","BRADBURY SECURITIES LTD","SUITES 3606-08 36/F 8 FINANCE STREET TWO INTERNATIONAL FINANCE CENTRE CENTRAL HONG KONG",6100,0
"B01320","LUEN FAT SECURITIES CO LTD","UNITS 603-605 6/F FWD FINANCIAL CENTRE 308 DES VOEUX ROAD CENTRAL SHEUNG WAN HONG KONG",6100,0
"B02070","UZEN SECURITIES LTD","8/F EC HEALTHCARE TOWER (CENTRAL) 19-20 CONNAUGHT ROAD CENTRAL CENTRAL HONG KONG",6000,0
"B02116","MOUETTE SECURITIES CO LTD","ROOM 4024-4033 40/F SUN HUNG KAI CENTRE 30 HARBOUR ROAD WANCHAI HONG KONG",5900,0
"B02023","DONGHAI INTERNATIONAL SECURITIES","20/F SHANGHAI COMMERCIAL BANK TOWER 12 QUEEN'S ROAD CENTRAL HONG KONG",5800,0
"B01769","ONE CHINA SECURITIES LTD","2/F CHEONG K. BUILDING 84-86 DES VOEUX ROAD CENTRAL HONG KONG",5439,0
"B01444","YUEXING SECURITIES COMPANY LTD","9/F THE WORKSTATION 43 LYNDHURST TERRACE CENTRAL HONG KONG",5400,0
"B01680","SUCCESS SECURITIES LTD","UNITS 1001A & 04B 10/F TOWER 1 ADMIRALTY CENTRE 18 HARCOURT ROAD HONG KONG",5300,0
"B01141","FE SECURITIES LTD","ROOM 2101 21/F 28 HENNESSY ROAD HONG KONG",5200,0
"B02167","SDG SECURITIES (HK) LTD","ROOMS 4003-05 40/F CHINA RESOURCES BUILDING 26 HARBOUR ROAD WAN CHAI HONG KONG",5200,0
"B01982","CENTRAL CHINA INTERNATIONAL SECURITIES","ROOM 1304 13/F ADMIRALTY CENTRE TOWER 1 18 HARCOURT ROAD ADMIRALTY HONG KONG",5080,0
"B01677","ANUENUE SECURITIES LTD","28/F GUANGDONG TOURS CENTER 18 PENNINGTON STREET CAUSEWAY BAY HONG KONG",5000,0
"B01919","TIGER SECURITIES ASSET MANAGEMENT CO LTD","RM B3 29/F TML TOWER 3 HOI SHING ROAD TSUEN WAN NEW TERRITORIES",4900,0
"B01976","FRONTIER CAPITAL MANAGEMENT LTD","UNITS 3201-3203 32/F BANK OF AMERICA TOWER 12 HARCOURT ROAD CENTRAL HONG KONG",4900,0
"B02125","CHINA YINSHENG INTERNATIONAL SECURITIES","6/F 9 DES VOEUX ROAD WEST SHEUNG WAN HONG KONG",4900,0
"B01868","JIMEI SECURITIES LTD","RM 1305-1306 13/F JUBILEE CENTRE 18 FENWICK STREET / 46 GLOUCESTER ROAD WANCHAI HONG KONG",4800,0
"B01912","THE CORE SECURITIES COMPANY LTD","SUITE C 20/F STANDARD CHARTERED BANK BUILDING 4-4A DES VOEUX ROAD CENTRAL CENTRAL HONG KONG",4400,0
"B01974","ARISTO SECURITIES LTD","ROOM B 11/F GOLDEN STAR BUILDING 22 LOCKHART ROAD WANCHAI HONG KONG",4305,0
"B01906","IMPERIUM INTERNATIONAL SECURITIES LTD","RM 2603A 26/F ONE HARBOUR SQUARE 181 HOI BUN ROAD KWUN TONG KOWLOON",4300,0
"B02073","SOLOMON JFZ (ASIA) HOLDINGS LTD","ROOM 1910-1912A TOWER 3 CHINA HONG KONG CITY 33 CANTON ROAD TSIM SHA TSUI KOWLOON",4300,0
"B02185","KOREA INVESTMENT & SECURITIES ASIA LTD","SUITES 3716-3719 JARDINE HOUSE 1 CONNAUGHT PLACE CENTRAL HONG KONG",4300,0
"B01789","HO FUNG SHARES INVESTMENT LTD","OFFICE B 11/F HING LUNG COMMERCIAL BUILDING 68 BONHAM STRAND EAST SHEUNG WAN HONG KONG",4249,0
"B01995","GARY CHENG SECURITIES LTD","ROOM 1201 12/F ELITE CENTRE 22 HUNG TO ROAD KWUN TONG KOWLOON",4200,0
"B01525","KEE CHEONG SECURITIES CO LTD","ROOM 2002 20/F WIN CENTURY CENTRE 2A MONGKOK ROAD MONGKOK KOWLOON",4100,0
"B01660","GRANSING SECURITIES CO., LIMITED","UNIT 802 8/F WORLD-WIDE HOUSE 19 DES VOEUX ROAD CENTRAL CENTRAL HONG KONG",4100,0
"B01918","REALORD ASIA PACIFIC SECURITIES LTD","SUITE 2402 24/F JARDINE HOUSE 1 CONNAUGHT PLACE CENTRAL HONG KONG",4100,0
"C00108","CHINA MINSHENG BANKING CORP., LTD.","FLAT 3701-3702, 3712-3716 & 40/F TWO INTERNATIONAL FINANCE CENTRE 8 FINANCE STREET CENTRAL HONG KONG",4100,0
"B02065","FORTUNE ORIGIN SECURITIES LTD","ROOM 404-405 NAN FUNG TOWER 88 CONNAUGHT ROAD CENTRAL CENTRAL HONG KONG",3800,0
"B01080","VMS SECURITIES LTD","28/F VIVA PLACE 36 HEUNG YIP ROAD WONG CHUK HANG HONG KONG",3700,0
"B01694","MINERVA HOLDING FINANCIAL SECURITIES LTD","UNIT 1804C 18/F FAR EAST FINANCE CENTRE 16 HARCOURT ROAD HONG KONG",3700,0
"B02212","HUAAN SECURITIES (HONG KONG) BROKERAGE","8/F LI PO CHUN CHAMBERS 189 DES VOEUX ROAD CENTRAL HONG KONG",3700,0
"B02020","WEALTH LINK SECURITIES LTD","SUITE 1008A 10/F OCEAN CENTRE HARBOUR CITY 5 CANTON ROAD TSIM SHA TSUI KOWLOON",3400,0
"B01608","OPEN SECURITIES LTD","ROOM 08-09 32/F TOWER 6 THE GATEWAY 9 CANTON ROAD TSIM SHA TSUI KOWLOON",3300,0
"B02046","CHINA ZHONG HENG FINANCE GROUP LTD","UNIT 05 9/F BEVERLY HOUSE 93-107 LOCKHART ROAD WAN CHAI HONG KONG",3200,0
"B01754","ASIA PACIFIC SECURITIES LTD","16/F CMA BUILDING 64-66 CONNAUGHT ROAD CENTRAL HONG KONG",3100,0
"B02081","FIRST FIDELITY CAPITAL (INTERNATIONAL)","36/F TIMES TOWER 393 JAFFE ROAD WANCHAI HONG KONG",3000,0
"B02128","SILVERBRICKS SECURITIES CO LTD","ROOM 1601-07 16/F NAN FUNG TOWER 88 CONNAUGHT ROAD CENTRAL CENTRAL HONG KONG",3000,0
"B01665","WINSOME STOCK CO LTD","TOP FLOOR WING SHUN BUILDING 64-66 BONHAM STRAND WEST HONG KONG",2900,0
"B01824","INSTINET PACIFIC LTD","31/F TWO INTERNATIONAL FINANCE CENTRE 8 FINANCE STREET CENTRAL HONG KONG",2900,0
"B02061","GRAND PARTNERS SECURITIES LTD","ROOM 3402 34/F CHINA RESOURCES BUILDING 26 HARBOUR ROAD WANCHAI HONG KONG",2800,0
"B01248","KWAN YICK SECURITIES (INTERNATIONAL) LTD","FLAT B, C & E 3/F HO LEE COMMERCIAL BUILDING 38-44 D'AGUILAR STREET CENTRAL HONG KONG",2700,0
"B01716","ORIENT SECURITIES LTD","RM 2204 22/F NEW WORLD TOWER 1 16-18 QUEEN'S ROAD CENTRAL CENTRAL HONG KONG",2700,0
"B01784","FU YIP SECURITIES AND INVESTMENT CO LTD","UNIT 6A01 6/F WAH KIT COMMERCIAL CENTRE 302 DES VOEUX RD CENTRAL SHEUNG WAN HONG KONG",2600,0
"B01927","KINGKEY SECURITIES GROUP LTD","13/F NO.88 LOCKHART ROAD WANCHAI HONG KONG",2600,0
"B02134","HOPE SECURITIES LTD","ROOM 2805 28/F CHINA UNITED CENTRE 28 MARBLE ROAD NORTH POINT HONG KONG",2600,0
"B01389","ZHONGRONG PT SECURITIES LTD","ROOM 3505-10 35/F TOWER 5 THE GATEWAY 15 CANTON ROAD TSIM SHA TSUI KOWLOON",2500,0
"B01756","CHINA SKY SECURITIES LTD","UNIT 2302-03 23/F WEST TOWER SHUN TAK CENTRE 200 CONNAUGHT ROAD CENTRAL HONG KONG",2400,0
"B02067","LIGHTHOUSE CAPITAL (HK) FINANCIAL LTD","UNITS 1801-2 18/F HOLLYWOOD CENTRE 233 HOLLYWOOD ROAD SHEUNG WAN HONG KONG",2400,0
"B01751","IMAGI BROKERAGE LTD","SUITE 2210-11 22/F CHINA UNITED CENTRE 28 MARBLE ROAD NORTH POINT HONG KONG",2200,0
"B01910","FTFT INTERNATIONAL SECURITIES AND","UNITS 02B-03A 23/F SINO PLAZA 256-257 GLOUCESTER ROAD CAUSEWAY BAY HONG KONG",2200,0
"B02153","WE SECURITIES LTD","26/F OVEST 77 WING LOK STREET SHEUNG WAN HONG KONG",2200,0
"B01852","ARTA GLOBAL MARKETS LTD","UNIT 901-02 9/F K11 ATELIER KING'S ROAD 728 KING'S ROAD QUARRY BAY HONG KONG",2105,0
"B01743","CEPA ALLIANCE SECURITIES LTD","FLAT B 7/F 208 QUEEN'S ROAD CENTRAL CENTRAL HONG KONG",2100,0
"B02138","TIGER FAITH SECURITIES LTD","ROOM 3505 35/F TOWER 1 LIPPO CENTRE 89 QUEENSWAY ADMIRALTY HONG KONG",2100,0
"B01538","MORTON SECURITIES LTD","RM 1804-1805 18/F ALLIED KAJIMA BUILDING 138 GLOUCESTER ROAD WANCHAI HONG KONG",2000,0
"B01661","HERMES SECURITIES LTD","ROOM 2117 CHINA MERCHANTS TOWER SHUN TAK CENTRE 168-200 CONNAUGHT ROAD CENTRAL HONG KONG",2000,0
"B01759","WINLAND WEALTH MANAGEMENT LTD","RM 1901 SOUTH CHINA BUILDING 3 WYNDHAM STREET CENTRAL HONG KONG",2000,0
"B02060","LEGO SECURITIES LTD","ROOM 1506 15/F WHEELOCK HOUSE 20 PEDDER STREET CENTRAL HONG KONG",2000,0
"B02158","DT SECURITIES & FUTURES CO. LTD","RM 2312 23/F COSCO TOWER 183 QUEEN'S ROAD CENTRAL HONG KONG",2000,0
"B02193","PATRONS SECURITIES LTD","UNIT 3214 32/F COSCO TOWER 183 QUEEN'S ROAD CENTRAL SHEUNG WAN HONG KONG",2000,0
"B01310","TUNG TAK SECURITIES (H.K.) CO LTD","G/F 169 TAI NAM ST SHAMSHUIPO KOWLOON",1900,0
"B01571","KARFORD SECURITIES LTD","FLAT D 7/F MAN LOK BUILDING 89-93 BONHAM STRAND EAST HONG KONG",1900,0
"B02019","GEO SECURITIES LTD","24/F STANDARD CHARTERED BANK BUILDING 4-4A DES VOEUX ROAD CENTRAL CENTRAL HONG KONG",1900,0
"B02014","YUET SHEUNG INTERNATIONAL SECURITIES LTD","ROOM 2704 WEST TOWER SHUN TAK CENTRE 168-200 CONNAUGHT ROAD CENTRAL SHEUNG WAN HONG KONG",1800,0
"B02016","GOLDHORSE SECURITIES LTD","UNIT 4308 43/F COSCO TOWER 183 QUEEN'S ROAD CENTRAL CENTRAL HONG KONG",1800,0
"B02068","CANFIELD SECURITIES CO LTD","ROOM 2202 22/F FAR EAST FINANCE CENTER 16 HARCOURT ROAD HONG KONG",1800,0
"B02180","PLUTUS SECURITIES LTD","8/F 80 GLOUCESTER ROAD WANCHAI HONG KONG",1800,0
"B02221","AACAT FINTECH LTD","ROOMS 1901-02 19/F AXA TOWER LANDMARK EAST 100 HOW MING STREET KWUN TONG KOWLOON",1800,0
"B01664","ROOFER SECURITIES LTD","UNIT 25B01 25/F FAR EAST FINANCE CENTER 16 HARCOURT ROAD ADMIRATLY HONG KONG",1700,0
"B01857","KAISA FINANCIAL GROUP CO LTD","30/F THE CENTER 99 QUEEN'S ROAD CENTRAL CENTRAL HONG KONG",1700,0
"B02087","GLOBAL MASTERMIND SECURITIES LTD","UNIT 1203 12/F WEST TOWER SHUN TAK CENTRE 168-200 CONNAUGHT ROAD CENTRAL HONG KONG",1700,0
"B02179","YAW KAI FINANCIAL GROUP LTD","UNIT 1605B-1606A 16/F TOWER A MANULIFE FINANCIAL CENTRE 223-231 WAI YIP STREET KWUN TONG KOWLOON",1600,0
"B01328","BAN HIN SECURITIES CO LTD","RM 901-2 LANSING HSE 41-47 QUEEN'S RD C CENTRAL HONG KONG",1500,0
"B01767","NEW GALA SECURITIES CO LTD","RM 1106 REGENT CENTRE 88 QUEEN'S ROAD CENTRAL HONG KONG",1500,0
"B01783","FREDDY CO LTD","RM 2102 21/F MELBOURNE PLAZA 33 QUEEN'S ROAD CENTRAL CENTRAL HONG KONG",1500,0
"B02085","JOY RICH SECURITIES INVESTMENT LTD","UNIT 16 22/F SEAPOWER TOWER CONCORDIA PLAZA 1 SCIENCE MUSEUM ROAD KOWLOON",1500,0
"B02096","AFG SECURITIES LTD","RM B 17/F FORTUNE HOUSE 61 CONNAUGHT ROAD CENTRAL CENTRAL HONG KONG",1500,0
"B01231","WINNER INTERNATIONAL SECURITIES LTD","10/F LEE KUM KEE CENTRAL 54-58 DES VOEUX ROAD CENTRAL HONG KONG",1400,0
"B01935","MAGIC COMPASS SECURITIES LTD","UNIT 905 9/F CENTRAL PLAZA 18 HARBOUR ROAD WANCHAI HONG KONG",1400,0
"B02004","INNOVATION SECURITIES CO LTD","SUITE 709A ONE PACIFIC PLACE 88 QUEENSWAY ADMIRALTY HONG KONG",1400,0
"B01988","KOALA SECURITIES LTD","UNITS 1301-1302 13/F EVERBRIGHT CENTRE 108 GLOUCESTER ROAD WANCHAI HONG KONG",1300,0
"B01921","GONG PING SECURITIES LTD","UNIT D 8/F TOWER B BILLION CENTRE 1 WANG KWONG ROAD KOWLOON BAY KOWLOON",1200,0
"B02045","AAA SECURITIES CO. LTD","SUITE 2202 22/F FU FAI COMMERCIAL CENTRE 27 HILLIER STREET SHEUNG WAN HONG KONG",1200,0
"B01755","T G SECURITIES LTD","SUITE 1409, 14/F, NORTH TOWER WORLD FINANCE CENTRE 19 CANTON ROAD, TST KOWLOON",1159,0
"B02027","LEADING SECURITIES COMPANY LTD","8/F PROSPERITY TOWER 39 QUEEN'S ROAD CENTRAL CENTRAL HONG KONG",1100,0
"B02219","TRADEGO MARKETS LIMITED","ROOM 3405 WEST TOWER SHUN TAK CENTRE 168-200 CONNAUGHT ROAD CENTRAL HONG KONG",1100,0
"B01454","HAO TIAN INTERNATIONAL SECURITIES LTD","ROOM 2510-2518 25/F SHUI ON CENTRE 6-8 HARBOUR ROAD WANCHAI HONG KONG",1000,0
"B01907","CHINA DEMETER SECURITIES LTD","UNIT A1 35/F UNITED CENTRE 95 QUEENSWAY ADMIRALTY HONG KONG",1000,0
"C00083","BANK CONSORTIUM TRUST CO LTD","18/F COSCO TOWER 183 QUEEN'S ROAD CENTRAL HONG KONG",1000,0
"B01883","CHINA RISE SECURITIES ASSET MANAGEMENT","10/F ISLAND PLACE TOWER 510 KING'S ROAD NORTH POINT HONG KONG",900,0
"B02161","EMPERIO SECURITIES AND ASSETS MANAGEMENT","28/F AT TOWER 180 ELECTRIC ROAD NORTH POINT HONG KONG",900,0
"B01466","DAOKOU SECURITIES LTD","UNIT 1406 14/F GREAT EAGLE CENTRE 23 HARBOUR ROAD WANCHAI HONG KONG",800,0
"B01604","WANHAI SECURITIES (HK) LTD","ROOM 4036-4039 40/F SUN HUNG KAI CENTRE 30 HARBOUR ROAD WAN CHAI HONG KONG",800,0
"B01795","RAFFAELLO SECURITIES (HK) LTD","1/F 166-168 DES VOEUX ROAD CENTRAL CENTRAL HONG KONG",800,0
"B02009","GOLDEN RICH SECURITIES LTD","2201B 22/F TOWER 1 CHINA HONG KONG CITY 33 CANTON ROAD TSIM SHA TSUI KOWLOON",700,0
"B02011","ZHONG YANG SECURITIES LTD","ROOM 1101 118 CONNAUGHT ROAD WEST HONG KONG",700,0
"B02017","WILSON SECURITIES LTD","UNIT 1005A-B & 1006A 10/F BANK OF AMERICA TOWER 12 HARCOURT ROAD ADMIRALTY HONG KONG",700,0
"B01794","INTERCONTINENT SECURITIES CO LTD","RM 1802 CAR PO COMMERCIAL BUILDING 37-43 POTTINGER STREET HONG KONG",600,0
"B01923","RUISEN PORT SECURITIES LTD","UNIT 1706 TOWER 1 CHINA HONG KONG CITY 33 CANTON ROAD TSIM SHA TSUI KOWLOON",600,0
"B01934","SELECT INVESTMENT SERVICES LTD","RM 1713B-1714 17/F HONG KONG PLAZA 188 CONNAUGHT ROAD WEST WESTERN DISTRICT HONG KONG",600,0
"B02022","CHAOSHANG SECURITIES LTD","ROOM 2206-2210 CHINA RESOURCES BUILDING 26 HARBOUR ROAD WANCHAI HONG KONG",600,0
"B02140","JQ SECURITIES (HONG KONG) LTD","UNIT 1601-3 TAI TUNG BUILDING 8 FLEMING ROAD WANCHAI HONG KONG",600,0
"B01326","KING SUN SECURITIES LTD","RM 3909-3910 39/F THE CENTRE 99 QUEEN'S ROAD CENTRAL CENTRAL HONG KONG",500,0
"B01745","GUOCHUANG SECURITIES FINANCIAL HOLDING","RM B-D 3/F SHING HING COMMERCIAL BUILDING 21-27 WING KUT STREET HONG KONG",500,0
"B01821","GETTA SECURITIES LTD","30/F CHINACHEM CENTURY TOWER 178 GLOUCESTER ROAD WANCHAI HONG KONG",500,0
"B01922","SUN SECURITIES LTD","RM 2104 21/F FAR EAST CONSORTIUM BUILDING 121 DES VOEUX ROAD CENTRAL HONG KONG",500,0
"B02151","SOLITON SECURITIES LTD","UNIT 1010 10/F COSCO TOWER GRAND MILLENNIUM PLAZA 183 QUEEN'S ROAD CENTRAL HONG KONG",500,0
"B01318","OKASAN INTERNATIONAL (ASIA) LTD","ROOMS 2605-7 26/F WING ON CENTRE 111 CONNAUGHT ROAD CENTRAL HONG KONG",400,0
"B01977","ZHONGCAI SECURITIES LTD","3/F & 6/F ZHONGCAI CENTRE 131 QUEEN'S ROAD CENTRAL CENTRAL HONG KONG",400,0
"B02077","CONRAD INVESTMENT SERVICES LTD","23/F TUNG HIP COMMERCIAL BUILDING 244-248 DES VOEUX ROAD CENTRAL SHEUNG WAN HONG KONG",400,0
"B02213","CITIC CFI SECURITIES COMPANY LTD","2312-2316 23/F CITIC TOWER 1 TIM MEI AVENUE, CENTRAL HONG KONG",400,0
"B01527","NITTAN SECURITIES ASIA LTD","SUITE 709 7/F JARDINE HOUSE 1 CONNAUGHT PLACE CENTRAL HONG KONG",300,0
"B01627","SDHG INTERNATIONAL SECURITIES LTD","38/F THE CENTER 99 QUEEN'S ROAD CENTRAL CENTRAL HONG KONG",300,0
"B01720","NORMAN KONG SECURITIES CO LTD","RM 504 MONGKOK COMMERCIAL CENTRE 16 ARGYLE STREET MONGKOK KOWLOON",300,0
"B01997","SUNCORP SECURITIES LTD","UNIT 2305 23/F THE CENTER 99 QUEENS ROAD CENTRAL HONG KONG",300,0
"B02015","VISION CAPITAL INTERNATIONAL HOLDINGS","SUITES 3607-09 ICBC TOWER THREE GARDEN ROAD CENTRAL HONG KONG",300,0
"B02101","ACER KING SECURITIES INTERNATIONAL LTD","41/F MONTERY PLAZA 15-17 CHONG YIP STREET KWUN TONG KOWLOON",300,0
"B02123","CHINA DIFI SECURITIES LTD","UNIT A 9/F CHINAWEAL CENTRE 414-424 JAFFE ROAD WAN CHAI HONG KONG",300,0
"B02202","JMC CAPITAL INTERNATIONAL LTD","23/F NEW WORLD TOWER TWO 16-18 QUEEN'S ROAD CENTRAL HONG KONG",243,0
"B01227","HOORAY SECURITIES LTD","ROOM A & B2 11/F GUANGDONG INVESTMENT TOWER 148 CONNAUGHT ROAD CENTRAL SHEUNG WAN HONG KONG",200,0
"B01630","ANLI SECURITIES LTD","ROOM 2907 29/F WING ON CENTRE 111 CONNAUGHT ROAD CENTRAL SHEUNG WAN HONG KONG",200,0
"B01633","ENLIGHTEN SECURITIES LTD","ROOM 1106 11/F JUBILEE CENTRE 18 FENWICK STREET WANCHAI HONG KONG",200,0
"B01972","RICHES DEPOT SECURITIES CO LTD","RM A UNIT 1701 17/F 1 LYNDHURST TOWER 1 LYNDHURST TERRACE CENTRAL HONG KONG",200,0
"B02119","GAYANG SECURITIES LTD","SUITE 1605 16/F 9 QUEEN'S ROAD CENTRAL CENTRAL HONG KONG",200,0
"B02139","WELL LINK INTERNATIONAL SECURITIES LTD","UNIT 1113-15 11/F CHINA MERCHANTS TOWER SHUN TAK CENTRE 168-200 CONNAUGHT ROAD CENTRAL HONG KONG",200,0
"B02155","ADEN FINANCIAL GROUP LTD","14/F SHANGHAI COMMERCIAL BANK TOWER 12 QUEEN'S ROAD CENTRAL CENTRAL HONG KONG",200,0
"B02162","GAMMA SECURITIES LTD","SUITE 708 CHAMPION TOWER THREE GARDEN ROAD CENTRAL HONG KONG",200,0
"B02165","YUEN META (INTERNATIONAL) SECURITIES LTD","2601 26/F WAN CHAI CENTRAL BUILDING 89 LOCKHART ROAD WAN CHAI HONG KONG",200,0
"B01619","TUNG WUI SECURITIES CO LTD","RM 802-803 TUNG MING BUILDING 40-42 DES VOEUX ROAD CENTRAL CENTRAL HONG KONG",100,0
"B01816","CHEONG LEE SECURITIES LTD","UNIT B 16/F BANK OF EAST ASIA HARBOUR VIEW CENTRE 56 GLOUCESTER ROAD WANCHAI HONG KONG",100,0
"B01920","TIANDA SECURITIES LTD","SUITES 2401-2410 24/F CITIC TOWER 1 TIM MEI AVENUE CENTRAL HONG KONG",100,0
"B02057","FUNDE SECURITIES LTD","UNIT 2203 22/F TOWER 1 ADMIRALTY CENTRE 18 HARCOURT RD ADMIRALTY HONG KONG",100,0
"B02092","I WIN SECURITIES LTD","ROOM 3001-3002 30/F CHINA INSURANCE GROUP BUILDING 141 DES VOEUX ROAD CENTRAL HONG KONG",100,0
"B02117","FUTURE SECURITIES LTD","UNIT 2301 23/F 9 CHONG YIP STREET KWUN TONG KOWLOON",100,0
"B02194","HARMONIA CAPITAL LTD","UNIT 2505 25/F COSCO TOWER 183 QUEEN'S ROAD CENTRAL HONG KONG",100,0
"B02208","CN FIRST INTERNATIONAL FUTURES LTD","9/F HUA QIN INTERNATIONAL BUILDING 340 QUEEN'S ROAD CENTRAL SHEUNG WAN HONG KONG",100,0
"C00092","CTBC BANK CO LTD","28/F TWO INTERNATIONAL FINANCE CENTRE 8 FINANCE STREET CENTRAL HONG KONG",25,0